matrix,dimensions,type,start_time,end_time,rel_error,system,library,umfpack_error
G3_circuit.mtx,1585478x1585478,def_pos,1527104253.2427402,1527104301.1171055,1.6942702842727966e-12,windows,mkl,0
apache2.mtx,715176x715176,def_pos,1527104331.8867896,1527104377.0169966,1.2445964753702244e-11,windows,mkl,0
cfd1.mtx,70656x70656,def_pos,1527104387.1090133,1527104392.8173892,7.351571593147851e-14,windows,mkl,0
cfd2.mtx,123440x123440,def_pos,1527104409.8794258,1527104420.0832613,2.988965331281976e-13,windows,mkl,0
ex15.mtx,6867x6867,def_pos,1527104420.7066665,1527104420.8474627,5.841559766959052e-07,windows,mkl,0
parabolic_fem.mtx,525825x525825,def_pos,1527104447.9317086,1527104460.0118325,4.459792298554373e-12,windows,mkl,0
shallow_water1.mtx,81920x81920,def_pos,1527104462.6336944,1527104464.3002539,1.9874056932051922e-16,windows,mkl,0
G3_circuit.mtx,1585478x1585478,def_pos,1527104512.5698822,1527104555.7848523,1.6942702842727966e-12,windows,mkl,0
apache2.mtx,715176x715176,def_pos,1527104586.7874897,1527104630.1044075,1.2445964740477229e-11,windows,mkl,0
cfd1.mtx,70656x70656,def_pos,1527104639.9828844,1527104645.714594,7.351571593147851e-14,windows,mkl,0
cfd2.mtx,123440x123440,def_pos,1527104662.5627377,1527104672.8510187,2.9934981993194333e-13,windows,mkl,0
ex15.mtx,6867x6867,def_pos,1527104673.4329436,1527104673.6191206,5.841559766959052e-07,windows,mkl,0
parabolic_fem.mtx,525825x525825,def_pos,1527104701.0956328,1527104713.1676154,4.459792388710768e-12,windows,mkl,0
shallow_water1.mtx,81920x81920,def_pos,1527104715.7693338,1527104717.4408686,1.9876593001165152e-16,windows,mkl,0
G3_circuit.mtx,1585478x1585478,def_pos,1527104766.0528023,1527104809.406948,1.6942702842727966e-12,windows,mkl,0
apache2.mtx,715176x715176,def_pos,1527104840.0267353,1527104883.290397,1.2445964740477229e-11,windows,mkl,0
cfd1.mtx,70656x70656,def_pos,1527104893.2404277,1527104898.9623349,7.351571593147851e-14,windows,mkl,0
cfd2.mtx,123440x123440,def_pos,1527104915.7662733,1527104926.041102,2.9934981993194333e-13,windows,mkl,0
ex15.mtx,6867x6867,def_pos,1527104926.6194963,1527104926.8068802,5.841559766959052e-07,windows,mkl,0
parabolic_fem.mtx,525825x525825,def_pos,1527104953.7391322,1527104965.7942708,4.459792388710768e-12,windows,mkl,0
shallow_water1.mtx,81920x81920,def_pos,1527104968.4555736,1527104970.1031134,1.9874056932051922e-16,windows,mkl,0
G3_circuit.mtx,1585478x1585478,def_pos,1527105018.3916929,1527105061.6929073,1.6942702842727966e-12,windows,mkl,0
apache2.mtx,715176x715176,def_pos,1527105092.7423322,1527105136.0821347,1.2445964753702244e-11,windows,mkl,0
cfd1.mtx,70656x70656,def_pos,1527105146.0609293,1527105151.804842,7.351571593147851e-14,windows,mkl,0
cfd2.mtx,123440x123440,def_pos,1527105168.709907,1527105179.0228627,2.9934981993194333e-13,windows,mkl,0
ex15.mtx,6867x6867,def_pos,1527105179.6255193,1527105179.7985868,5.841559766959052e-07,windows,mkl,0
parabolic_fem.mtx,525825x525825,def_pos,1527105207.249201,1527105219.3207622,4.459792298554373e-12,windows,mkl,0
shallow_water1.mtx,81920x81920,def_pos,1527105221.9383554,1527105223.5946736,1.9874814001489977e-16,windows,mkl,0
G3_circuit.mtx,1585478x1585478,def_pos,1527105272.3156774,1527105315.5569885,1.6942702842727966e-12,windows,mkl,0
apache2.mtx,715176x715176,def_pos,1527105346.2901316,1527105389.555683,1.2445964753702244e-11,windows,mkl,0
cfd1.mtx,70656x70656,def_pos,1527105399.5779276,1527105405.3118143,7.351571593147851e-14,windows,mkl,0
cfd2.mtx,123440x123440,def_pos,1527105422.0668244,1527105432.2844496,2.988965331281976e-13,windows,mkl,0
ex15.mtx,6867x6867,def_pos,1527105432.8975232,1527105433.024856,5.841559766959052e-07,windows,mkl,0
parabolic_fem.mtx,525825x525825,def_pos,1527105460.0296786,1527105472.1014223,4.459792388710768e-12,windows,mkl,0
shallow_water1.mtx,81920x81920,def_pos,1527105474.7675657,1527105476.4285474,1.9874056932051922e-16,windows,mkl,0
G3_circuit.mtx,1585478x1585478,def_pos,1527105524.764675,1527105568.0728817,1.6942702842727966e-12,windows,mkl,0
apache2.mtx,715176x715176,def_pos,1527105599.0508077,1527105642.3451612,1.2445964753702244e-11,windows,mkl,0
cfd1.mtx,70656x70656,def_pos,1527105652.3516238,1527105658.0286984,7.351571593147851e-14,windows,mkl,0
cfd2.mtx,123440x123440,def_pos,1527105674.855704,1527105684.9972014,2.988965331281976e-13,windows,mkl,0
ex15.mtx,6867x6867,def_pos,1527105685.5849729,1527105685.7247727,5.841559766959052e-07,windows,mkl,0
parabolic_fem.mtx,525825x525825,def_pos,1527105712.8560772,1527105724.8727608,4.459792298554373e-12,windows,mkl,0
shallow_water1.mtx,81920x81920,def_pos,1527105727.4795768,1527105729.1460073,1.9872126274438255e-16,windows,mkl,0
G3_circuit.mtx,1585478x1585478,def_pos,1527105778.01131,1527105821.2645411,1.6942702842727966e-12,windows,mkl,0
apache2.mtx,715176x715176,def_pos,1527105852.1964748,1527105895.3945453,1.2445964753702244e-11,windows,mkl,0
cfd1.mtx,70656x70656,def_pos,1527105905.372119,1527105911.1702275,7.351571593147851e-14,windows,mkl,0
cfd2.mtx,123440x123440,def_pos,1527105928.0592897,1527105938.3567662,2.9934981993194333e-13,windows,mkl,0
ex15.mtx,6867x6867,def_pos,1527105938.9493756,1527105939.1329827,5.841559766959052e-07,windows,mkl,0
parabolic_fem.mtx,525825x525825,def_pos,1527105966.1577053,1527105978.2075894,4.459792388710768e-12,windows,mkl,0
shallow_water1.mtx,81920x81920,def_pos,1527105980.8615344,1527105982.5238364,1.9874473323811643e-16,windows,mkl,0
G3_circuit.mtx,1585478x1585478,def_pos,1527106031.0809534,1527106074.45937,1.6942702842727966e-12,windows,mkl,0
apache2.mtx,715176x715176,def_pos,1527106105.3756464,1527106148.6095002,1.2445964740477229e-11,windows,mkl,0
cfd1.mtx,70656x70656,def_pos,1527106158.5627797,1527106164.3117452,7.351571593147851e-14,windows,mkl,0
cfd2.mtx,123440x123440,def_pos,1527106181.1340265,1527106191.4236324,2.988965331281976e-13,windows,mkl,0
ex15.mtx,6867x6867,def_pos,1527106192.0227368,1527106192.2103043,5.841559766959052e-07,windows,mkl,0
parabolic_fem.mtx,525825x525825,def_pos,1527106219.6668727,1527106231.698654,4.459792388710768e-12,windows,mkl,0
shallow_water1.mtx,81920x81920,def_pos,1527106234.323091,1527106235.9897265,1.987462473683407e-16,windows,mkl,0
G3_circuit.mtx,1585478x1585478,def_pos,1527106284.6636803,1527106327.866727,1.6942702842727966e-12,windows,mkl,0
apache2.mtx,715176x715176,def_pos,1527106358.4246273,1527106401.8144886,1.2445964753702244e-11,windows,mkl,0
cfd1.mtx,70656x70656,def_pos,1527106411.8666644,1527106417.619834,7.351571593147851e-14,windows,mkl,0
cfd2.mtx,123440x123440,def_pos,1527106434.4906344,1527106444.6971416,2.988965331281976e-13,windows,mkl,0
ex15.mtx,6867x6867,def_pos,1527106445.2958736,1527106445.4434683,5.841559766959052e-07,windows,mkl,0
parabolic_fem.mtx,525825x525825,def_pos,1527106472.402267,1527106484.472372,4.459792388710768e-12,windows,mkl,0
shallow_water1.mtx,81920x81920,def_pos,1527106487.09972,1527106488.7544556,1.9872126274438255e-16,windows,mkl,0
G3_circuit.mtx,1585478x1585478,def_pos,1527106537.0884204,1527106580.3694942,1.6942702842727966e-12,windows,mkl,0
apache2.mtx,715176x715176,def_pos,1527106611.3809063,1527106654.5202181,1.2445964753702244e-11,windows,mkl,0
cfd1.mtx,70656x70656,def_pos,1527106664.516536,1527106670.2117453,7.351571593147851e-14,windows,mkl,0
cfd2.mtx,123440x123440,def_pos,1527106687.0541344,1527106697.2501926,2.9934981993194333e-13,windows,mkl,0
ex15.mtx,6867x6867,def_pos,1527106697.8498712,1527106697.9974875,5.841559766959052e-07,windows,mkl,0
parabolic_fem.mtx,525825x525825,def_pos,1527106725.177998,1527106737.2405248,4.459792298554373e-12,windows,mkl,0
shallow_water1.mtx,81920x81920,def_pos,1527106739.8447928,1527106741.5109081,1.9872277705343582e-16,windows,mkl,0
G3_circuit.mtx,1585478x1585478,def_pos,1527106790.111138,1527106833.3701944,1.6942702842727966e-12,windows,mkl,0
apache2.mtx,715176x715176,def_pos,1527106864.0030663,1527106907.2721488,1.2445964753702244e-11,windows,mkl,0
cfd1.mtx,70656x70656,def_pos,1527106917.3846986,1527106923.08279,7.351571593147851e-14,windows,mkl,0
cfd2.mtx,123440x123440,def_pos,1527106939.9059107,1527106950.2083309,2.9934981993194333e-13,windows,mkl,0
ex15.mtx,6867x6867,def_pos,1527106950.8014026,1527106950.989561,5.841559766959052e-07,windows,mkl,0
parabolic_fem.mtx,525825x525825,def_pos,1527106978.25607,1527106990.3466713,4.459792388710768e-12,windows,mkl,0
shallow_water1.mtx,81920x81920,def_pos,1527106993.0040326,1527106994.675339,1.9874056932051922e-16,windows,mkl,0
G3_circuit.mtx,1585478x1585478,def_pos,1527107043.0362725,1527107086.3664134,1.6942702842727966e-12,windows,mkl,0
apache2.mtx,715176x715176,def_pos,1527107117.4766712,1527107160.6743991,1.2445964753702244e-11,windows,mkl,0
cfd1.mtx,70656x70656,def_pos,1527107170.6256828,1527107176.3810947,7.351571593147851e-14,windows,mkl,0
cfd2.mtx,123440x123440,def_pos,1527107193.2805166,1527107203.5885599,2.988965331281976e-13,windows,mkl,0
ex15.mtx,6867x6867,def_pos,1527107204.1775599,1527107204.3650143,5.841559766959052e-07,windows,mkl,0
parabolic_fem.mtx,525825x525825,def_pos,1527107231.5414944,1527107243.6092646,4.459792388710768e-12,windows,mkl,0
shallow_water1.mtx,81920x81920,def_pos,1527107246.2042022,1527107247.8774545,1.9876441603136394e-16,windows,mkl,0
G3_circuit.mtx,1585478x1585478,def_pos,1527107296.8101923,1527107340.1303744,1.6942702836767502e-12,windows,mkl,0
apache2.mtx,715176x715176,def_pos,1527107370.7409441,1527107414.0064769,1.2445964753702244e-11,windows,mkl,0
cfd1.mtx,70656x70656,def_pos,1527107423.987183,1527107429.7417853,7.351571593147851e-14,windows,mkl,0
cfd2.mtx,123440x123440,def_pos,1527107446.6058383,1527107456.8133378,2.988965331281976e-13,windows,mkl,0
ex15.mtx,6867x6867,def_pos,1527107457.4217093,1527107457.5740216,5.841327641983031e-07,windows,mkl,0
parabolic_fem.mtx,525825x525825,def_pos,1527107484.5825543,1527107496.6476967,4.459792298554373e-12,windows,mkl,0
shallow_water1.mtx,81920x81920,def_pos,1527107499.3304305,1527107501.0068285,1.9874056932051922e-16,windows,mkl,0
G3_circuit.mtx,1585478x1585478,def_pos,1527107549.4451113,1527107592.805484,1.6942702842727966e-12,windows,mkl,0
apache2.mtx,715176x715176,def_pos,1527107623.816596,1527107667.071783,1.2445964740477229e-11,windows,mkl,0
cfd1.mtx,70656x70656,def_pos,1527107677.049458,1527107682.7485154,7.351571593147851e-14,windows,mkl,0
cfd2.mtx,123440x123440,def_pos,1527107699.6895041,1527107709.906152,2.988965331281976e-13,windows,mkl,0
ex15.mtx,6867x6867,def_pos,1527107710.5018907,1527107710.6558394,5.841559766959052e-07,windows,mkl,0
parabolic_fem.mtx,525825x525825,def_pos,1527107737.8393238,1527107749.9219337,4.459792298554373e-12,windows,mkl,0
shallow_water1.mtx,81920x81920,def_pos,1527107752.5351732,1527107754.2046237,1.9874056932051922e-16,windows,mkl,0
G3_circuit.mtx,1585478x1585478,def_pos,1527107802.9528322,1527107846.2468526,1.6942702842727966e-12,windows,mkl,0
apache2.mtx,715176x715176,def_pos,1527107876.8487306,1527107920.0273745,1.2445964753702244e-11,windows,mkl,0
cfd1.mtx,70656x70656,def_pos,1527107929.9875035,1527107935.742583,7.351571593147851e-14,windows,mkl,0
cfd2.mtx,123440x123440,def_pos,1527107952.633441,1527107962.9466467,2.988965331281976e-13,windows,mkl,0
ex15.mtx,6867x6867,def_pos,1527107963.5439837,1527107963.7329047,5.841559766959052e-07,windows,mkl,0
parabolic_fem.mtx,525825x525825,def_pos,1527107990.7088208,1527108002.7675607,4.459792298554373e-12,windows,mkl,0
shallow_water1.mtx,81920x81920,def_pos,1527108005.3910227,1527108007.04496,1.9872277705343582e-16,windows,mkl,0
G3_circuit.mtx,1585478x1585478,def_pos,1527108055.4889746,1527108098.80027,1.6942702836767502e-12,windows,mkl,0
apache2.mtx,715176x715176,def_pos,1527108129.7640524,1527108172.9788342,1.2445964753702244e-11,windows,mkl,0
cfd1.mtx,70656x70656,def_pos,1527108182.948458,1527108188.6981168,7.351571593147851e-14,windows,mkl,0
cfd2.mtx,123440x123440,def_pos,1527108205.6171982,1527108215.918391,2.988965331281976e-13,windows,mkl,0
ex15.mtx,6867x6867,def_pos,1527108216.5186913,1527108216.697777,5.841327641983031e-07,windows,mkl,0
parabolic_fem.mtx,525825x525825,def_pos,1527108243.7219212,1527108255.780467,4.459792298554373e-12,windows,mkl,0
shallow_water1.mtx,81920x81920,def_pos,1527108258.3596568,1527108260.0314543,1.9872277705343582e-16,windows,mkl,0
G3_circuit.mtx,1585478x1585478,def_pos,1527108308.8569748,1527108352.1113746,1.6942702842727966e-12,windows,mkl,0
apache2.mtx,715176x715176,def_pos,1527108382.9073727,1527108426.247664,1.2445964753702244e-11,windows,mkl,0
cfd1.mtx,70656x70656,def_pos,1527108436.2913694,1527108442.0363252,7.351571593147851e-14,windows,mkl,0
cfd2.mtx,123440x123440,def_pos,1527108459.1201794,1527108469.3303525,2.9934981993194333e-13,windows,mkl,0
ex15.mtx,6867x6867,def_pos,1527108469.9461665,1527108470.0888374,5.841559766959052e-07,windows,mkl,0
parabolic_fem.mtx,525825x525825,def_pos,1527108497.084122,1527108509.132953,4.459792388710768e-12,windows,mkl,0
shallow_water1.mtx,81920x81920,def_pos,1527108511.7610283,1527108513.411896,1.9874814001489977e-16,windows,mkl,0
G3_circuit.mtx,1585478x1585478,def_pos,1527108561.6665783,1527108604.9581418,1.6942702842727966e-12,windows,mkl,0
apache2.mtx,715176x715176,def_pos,1527108636.2850926,1527108679.4836786,1.2445964753702244e-11,windows,mkl,0
cfd1.mtx,70656x70656,def_pos,1527108689.5654829,1527108695.2963028,7.351571593147851e-14,windows,mkl,0
cfd2.mtx,123440x123440,def_pos,1527108712.130357,1527108722.3509257,2.988965331281976e-13,windows,mkl,0
ex15.mtx,6867x6867,def_pos,1527108722.9555013,1527108723.094847,5.841327641983031e-07,windows,mkl,0
parabolic_fem.mtx,525825x525825,def_pos,1527108750.2845562,1527108762.3608644,4.459792298554373e-12,windows,mkl,0
shallow_water1.mtx,81920x81920,def_pos,1527108764.9693654,1527108766.6321414,1.9876441603136394e-16,windows,mkl,0
G3_circuit.mtx,1585478x1585478,def_pos,1527108815.3706934,1527108858.6396651,1.6942702842727966e-12,windows,mkl,0
apache2.mtx,715176x715176,def_pos,1527108889.2948768,1527108932.5345535,1.2445964753702244e-11,windows,mkl,0
cfd1.mtx,70656x70656,def_pos,1527108942.5972126,1527108948.3012428,7.351571593147851e-14,windows,mkl,0
cfd2.mtx,123440x123440,def_pos,1527108965.1397684,1527108975.4485776,2.9934981993194333e-13,windows,mkl,0
ex15.mtx,6867x6867,def_pos,1527108976.060767,1527108976.2524672,5.841559766959052e-07,windows,mkl,0
parabolic_fem.mtx,525825x525825,def_pos,1527109003.4578087,1527109015.5415213,4.459792388710768e-12,windows,mkl,0
shallow_water1.mtx,81920x81920,def_pos,1527109018.1727712,1527109019.8193202,1.9872277705343582e-16,windows,mkl,0
G3_circuit.mtx,1585478x1585478,def_pos,1527109068.1729922,1527109111.5232353,1.6942702842727966e-12,windows,mkl,0
apache2.mtx,715176x715176,def_pos,1527109142.8474333,1527109186.0805354,1.2445964753702244e-11,windows,mkl,0
cfd1.mtx,70656x70656,def_pos,1527109196.0113103,1527109201.7717998,7.351571593147851e-14,windows,mkl,0
cfd2.mtx,123440x123440,def_pos,1527109218.827253,1527109229.1686044,2.988965331281976e-13,windows,mkl,0
ex15.mtx,6867x6867,def_pos,1527109229.7589793,1527109229.947604,5.841559766959052e-07,windows,mkl,0
parabolic_fem.mtx,525825x525825,def_pos,1527109257.091844,1527109269.13482,4.459792298554373e-12,windows,mkl,0
shallow_water1.mtx,81920x81920,def_pos,1527109271.7376618,1527109273.4031246,1.987466258990944e-16,windows,mkl,0
G3_circuit.mtx,1585478x1585478,def_pos,1527109322.1104062,1527109365.3527396,1.6942702842727966e-12,windows,mkl,0
apache2.mtx,715176x715176,def_pos,1527109396.099685,1527109439.303027,1.2445964753702244e-11,windows,mkl,0
cfd1.mtx,70656x70656,def_pos,1527109449.252598,1527109455.0058208,7.351571593147851e-14,windows,mkl,0
cfd2.mtx,123440x123440,def_pos,1527109471.8432415,1527109482.1513453,2.9934981993194333e-13,windows,mkl,0
ex15.mtx,6867x6867,def_pos,1527109482.7496917,1527109482.9320629,5.841559766959052e-07,windows,mkl,0
parabolic_fem.mtx,525825x525825,def_pos,1527109509.8519943,1527109521.9192271,4.459792298554373e-12,windows,mkl,0
shallow_water1.mtx,81920x81920,def_pos,1527109524.5442097,1527109526.2007923,1.9874056932051922e-16,windows,mkl,0
G3_circuit.mtx,1585478x1585478,def_pos,1527109574.4312944,1527109617.7624278,1.6942702842727966e-12,windows,mkl,0
apache2.mtx,715176x715176,def_pos,1527109648.7761953,1527109692.1698077,1.2445964753702244e-11,windows,mkl,0
cfd1.mtx,70656x70656,def_pos,1527109702.0720806,1527109707.8198185,7.351571593147851e-14,windows,mkl,0
cfd2.mtx,123440x123440,def_pos,1527109724.7806225,1527109735.1233056,2.988965331281976e-13,windows,mkl,0
ex15.mtx,6867x6867,def_pos,1527109735.72623,1527109735.9143474,5.841559766959052e-07,windows,mkl,0
parabolic_fem.mtx,525825x525825,def_pos,1527109763.0731301,1527109775.133827,4.459792298554373e-12,windows,mkl,0
shallow_water1.mtx,81920x81920,def_pos,1527109777.750639,1527109779.4058218,1.9872126274438255e-16,windows,mkl,0
G3_circuit.mtx,1585478x1585478,def_pos,1527109828.0344176,1527109871.3909628,1.6942703007041977e-12,windows,mkl,0
apache2.mtx,715176x715176,def_pos,1527109902.051257,1527109945.3191109,1.2445964753702244e-11,windows,mkl,0
cfd1.mtx,70656x70656,def_pos,1527109955.301206,1527109961.0010543,7.373577050062571e-14,windows,mkl,0
cfd2.mtx,123440x123440,def_pos,1527109977.7978632,1527109987.9769971,2.9934981993194333e-13,windows,mkl,0
ex15.mtx,6867x6867,def_pos,1527109988.5809808,1527109988.7198322,5.841559766959052e-07,windows,mkl,0
parabolic_fem.mtx,525825x525825,def_pos,1527110015.771768,1527110027.845683,4.459792388710768e-12,windows,mkl,0
shallow_water1.mtx,81920x81920,def_pos,1527110030.4762394,1527110032.1384115,1.9874056932051922e-16,windows,mkl,0
G3_circuit.mtx,1585478x1585478,def_pos,1527110080.3724716,1527110123.6827338,1.6942702842727966e-12,windows,mkl,0
apache2.mtx,715176x715176,def_pos,1527110154.8204517,1527110198.0551558,1.2445964753702244e-11,windows,mkl,0
cfd1.mtx,70656x70656,def_pos,1527110208.1432579,1527110213.860806,7.351571593147851e-14,windows,mkl,0
cfd2.mtx,123440x123440,def_pos,1527110230.6939604,1527110240.8813195,2.9934981993194333e-13,windows,mkl,0
ex15.mtx,6867x6867,def_pos,1527110241.4781382,1527110241.6237566,5.841559766959052e-07,windows,mkl,0
parabolic_fem.mtx,525825x525825,def_pos,1527110268.9771883,1527110281.0650167,4.459792298554373e-12,windows,mkl,0
shallow_water1.mtx,81920x81920,def_pos,1527110283.6664724,1527110285.3380158,1.9874056932051922e-16,windows,mkl,0
G3_circuit.mtx,1585478x1585478,def_pos,1527110334.25505,1527110377.5337846,1.6942702842727966e-12,windows,mkl,0
apache2.mtx,715176x715176,def_pos,1527110408.0761406,1527110451.3622816,1.2445964753702244e-11,windows,mkl,0
cfd1.mtx,70656x70656,def_pos,1527110461.3274632,1527110467.0016255,7.351571593147851e-14,windows,mkl,0
cfd2.mtx,123440x123440,def_pos,1527110483.8130226,1527110494.0137799,2.988965331281976e-13,windows,mkl,0
ex15.mtx,6867x6867,def_pos,1527110494.6246958,1527110494.7718086,5.841559766959052e-07,windows,mkl,0
parabolic_fem.mtx,525825x525825,def_pos,1527110521.7032418,1527110533.7373364,4.459792298554373e-12,windows,mkl,0
shallow_water1.mtx,81920x81920,def_pos,1527110536.3522472,1527110538.0200772,1.987466258990944e-16,windows,mkl,0
G3_circuit.mtx,1585478x1585478,def_pos,1527110586.2356155,1527110629.4762788,1.6942702842727966e-12,windows,mkl,0
apache2.mtx,715176x715176,def_pos,1527110660.3618023,1527110703.7459204,1.2445964740477229e-11,windows,mkl,0
cfd1.mtx,70656x70656,def_pos,1527110713.713108,1527110719.4662523,7.351571593147851e-14,windows,mkl,0
cfd2.mtx,123440x123440,def_pos,1527110736.3060572,1527110746.6194348,2.988965331281976e-13,windows,mkl,0
ex15.mtx,6867x6867,def_pos,1527110747.218682,1527110747.4159298,5.841559766959052e-07,windows,mkl,0
parabolic_fem.mtx,525825x525825,def_pos,1527110774.5284483,1527110786.586931,4.459792298554373e-12,windows,mkl,0
shallow_water1.mtx,81920x81920,def_pos,1527110789.2047586,1527110790.869225,1.9874056932051922e-16,windows,mkl,0
G3_circuit.mtx,1585478x1585478,def_pos,1527110839.9667947,1527110883.3648198,1.6942702842727966e-12,windows,mkl,0
apache2.mtx,715176x715176,def_pos,1527110914.2820866,1527110957.588946,1.2445964753702244e-11,windows,mkl,0
cfd1.mtx,70656x70656,def_pos,1527110967.5147943,1527110973.2593522,7.351571593147851e-14,windows,mkl,0
cfd2.mtx,123440x123440,def_pos,1527110990.0836926,1527111000.4207578,2.988965331281976e-13,windows,mkl,0
ex15.mtx,6867x6867,def_pos,1527111001.0255473,1527111001.200647,5.841327641983031e-07,windows,mkl,0
parabolic_fem.mtx,525825x525825,def_pos,1527111028.1291914,1527111040.1498067,4.459792388710768e-12,windows,mkl,0
shallow_water1.mtx,81920x81920,def_pos,1527111042.7852921,1527111044.4486413,1.9876593001165152e-16,windows,mkl,0
G3_circuit.mtx,1585478x1585478,def_pos,1527111093.3513153,1527111136.586665,1.6942702842727966e-12,windows,mkl,0
apache2.mtx,715176x715176,def_pos,1527111167.692637,1527111211.04189,1.2445964753702244e-11,windows,mkl,0
cfd1.mtx,70656x70656,def_pos,1527111220.9968004,1527111226.730484,7.351571593147851e-14,windows,mkl,0
cfd2.mtx,123440x123440,def_pos,1527111243.5997438,1527111253.898689,2.988965331281976e-13,windows,mkl,0
ex15.mtx,6867x6867,def_pos,1527111254.482834,1527111254.6719065,5.841559766959052e-07,windows,mkl,0
parabolic_fem.mtx,525825x525825,def_pos,1527111281.8254752,1527111293.8891509,4.459792388710768e-12,windows,mkl,0
shallow_water1.mtx,81920x81920,def_pos,1527111296.5173132,1527111298.1761155,1.9874056932051922e-16,windows,mkl,0
G3_circuit.mtx,1585478x1585478,def_pos,1527111346.8614793,1527111390.1086192,1.6942702842727966e-12,windows,mkl,0
apache2.mtx,715176x715176,def_pos,1527111420.800275,1527111464.228381,1.2445964753702244e-11,windows,mkl,0
cfd1.mtx,70656x70656,def_pos,1527111474.2360635,1527111479.983584,7.351571593147851e-14,windows,mkl,0
cfd2.mtx,123440x123440,def_pos,1527111496.8476815,1527111507.1510887,2.988965331281976e-13,windows,mkl,0
ex15.mtx,6867x6867,def_pos,1527111507.7425873,1527111507.9353585,5.841559766959052e-07,windows,mkl,0
parabolic_fem.mtx,525825x525825,def_pos,1527111534.890857,1527111546.9590888,4.459792298554373e-12,windows,mkl,0
shallow_water1.mtx,81920x81920,def_pos,1527111549.5906467,1527111551.2426872,1.9874056932051922e-16,windows,mkl,0
G3_circuit.mtx,1585478x1585478,def_pos,1527111599.3858144,1527111642.653801,1.6942702842727966e-12,windows,mkl,0
apache2.mtx,715176x715176,def_pos,1527111673.6552398,1527111716.9204526,1.2445964753702244e-11,windows,mkl,0
cfd1.mtx,70656x70656,def_pos,1527111726.8682146,1527111732.5749815,7.351571593147851e-14,windows,mkl,0
cfd2.mtx,123440x123440,def_pos,1527111749.398348,1527111759.5763512,2.9904034853964823e-13,windows,mkl,0
ex15.mtx,6867x6867,def_pos,1527111760.1730914,1527111760.310899,5.841559766959052e-07,windows,mkl,0
parabolic_fem.mtx,525825x525825,def_pos,1527111787.3074017,1527111799.3615813,4.459792388710768e-12,windows,mkl,0
shallow_water1.mtx,81920x81920,def_pos,1527111801.970754,1527111803.6346238,1.9876593001165152e-16,windows,mkl,0
PR02R.mtx,161070x161070,non_def_pos,1527111907.063111,1527111978.2992578,715977832381.3489,windows,mkl,0
ex19.mtx,12005x12005,non_def_pos,1527111981.1688983,1527111981.6041992,1.3331235358857922e-08,windows,mkl,0
graham1.mtx,9035x9035,non_def_pos,1527111985.8966503,1527111986.391364,0.05299469313855563,windows,mkl,0
raefsky3.mtx,21200x21200,non_def_pos,1527112003.393297,1527112004.162886,4.089090747942091e-12,windows,mkl,0
torso1.mtx,116158x116158,non_def_pos,1527112112.4250717,1527112145.9357955,0.9902801586575007,windows,mkl,0
torso3.mtx,259156x259156,non_def_pos,1527112202.552716,1527112241.0306978,5.354627419298442e-16,windows,mkl,0
water_tank.mtx,60740x60740,non_def_pos,1527112267.2304096,1527112273.5125773,3.5900602841173876e-10,windows,mkl,0
PR02R.mtx,161070x161070,non_def_pos,1527112377.495474,1527112448.597963,3554508533191.094,windows,mkl,0
ex19.mtx,12005x12005,non_def_pos,1527112451.4086792,1527112451.8380163,1.3331235358857922e-08,windows,mkl,0
graham1.mtx,9035x9035,non_def_pos,1527112456.116939,1527112456.601679,0.03393998021633246,windows,mkl,0
raefsky3.mtx,21200x21200,non_def_pos,1527112473.3971965,1527112474.1704948,4.089076515968476e-12,windows,mkl,0
torso1.mtx,116158x116158,non_def_pos,1527112582.632589,1527112616.242962,0.9902801586575007,windows,mkl,0
torso3.mtx,259156x259156,non_def_pos,1527112672.6878505,1527112711.2165499,5.354627419298442e-16,windows,mkl,0
water_tank.mtx,60740x60740,non_def_pos,1527112737.5553117,1527112743.8460457,3.5900602841173876e-10,windows,mkl,0
PR02R.mtx,161070x161070,non_def_pos,1527112847.1508398,1527112918.2249644,845137281272.4894,windows,mkl,0
ex19.mtx,12005x12005,non_def_pos,1527112921.067804,1527112921.4960241,1.3331235358857922e-08,windows,mkl,0
graham1.mtx,9035x9035,non_def_pos,1527112925.7540984,1527112926.2268195,0.05299469313855563,windows,mkl,0
raefsky3.mtx,21200x21200,non_def_pos,1527112943.1549299,1527112943.9329007,4.089090747942091e-12,windows,mkl,0
torso1.mtx,116158x116158,non_def_pos,1527113051.680179,1527113085.1547558,0.9902801586575007,windows,mkl,0
torso3.mtx,259156x259156,non_def_pos,1527113141.7428803,1527113180.2346342,5.354627419298442e-16,windows,mkl,0
water_tank.mtx,60740x60740,non_def_pos,1527113206.5461688,1527113212.833598,3.5900602841173876e-10,windows,mkl,0
PR02R.mtx,161070x161070,non_def_pos,1527113316.3718445,1527113387.6823351,3554508533191.094,windows,mkl,0
ex19.mtx,12005x12005,non_def_pos,1527113390.5218394,1527113390.9489996,1.3331260196024399e-08,windows,mkl,0
graham1.mtx,9035x9035,non_def_pos,1527113395.2088606,1527113395.6924777,0.05299469313855563,windows,mkl,0
raefsky3.mtx,21200x21200,non_def_pos,1527113412.5212054,1527113413.2888474,4.089090747942091e-12,windows,mkl,0
torso1.mtx,116158x116158,non_def_pos,1527113521.9427466,1527113555.4328585,0.9902801586575007,windows,mkl,0
torso3.mtx,259156x259156,non_def_pos,1527113611.614345,1527113650.0878918,5.354627419298442e-16,windows,mkl,0
water_tank.mtx,60740x60740,non_def_pos,1527113676.3792582,1527113682.6548886,3.5900602841173876e-10,windows,mkl,0
PR02R.mtx,161070x161070,non_def_pos,1527113785.879683,1527113856.7946312,3554508533191.094,windows,mkl,0
ex19.mtx,12005x12005,non_def_pos,1527113859.620773,1527113860.0415335,1.3331235358857922e-08,windows,mkl,0
graham1.mtx,9035x9035,non_def_pos,1527113864.303472,1527113864.7871082,0.05299469313855563,windows,mkl,0
raefsky3.mtx,21200x21200,non_def_pos,1527113881.7111752,1527113882.4767377,4.089083658473406e-12,windows,mkl,0
torso1.mtx,116158x116158,non_def_pos,1527113990.5336368,1527114023.905381,0.9902801586575007,windows,mkl,0
torso3.mtx,259156x259156,non_def_pos,1527114080.5810783,1527114119.058944,5.354627419298442e-16,windows,mkl,0
water_tank.mtx,60740x60740,non_def_pos,1527114145.2975976,1527114151.5892785,3.5900602841173876e-10,windows,mkl,0
PR02R.mtx,161070x161070,non_def_pos,1527114255.6774504,1527114326.8509169,3554508533191.094,windows,mkl,0
ex19.mtx,12005x12005,non_def_pos,1527114329.6894813,1527114330.1052608,1.3331235358857922e-08,windows,mkl,0
graham1.mtx,9035x9035,non_def_pos,1527114334.4393148,1527114334.9207904,0.05299469313855563,windows,mkl,0
raefsky3.mtx,21200x21200,non_def_pos,1527114351.7253442,1527114352.4897075,4.089090747942091e-12,windows,mkl,0
torso1.mtx,116158x116158,non_def_pos,1527114460.7733197,1527114494.3985803,0.9902801586575007,windows,mkl,0
torso3.mtx,259156x259156,non_def_pos,1527114551.3042257,1527114589.933591,5.354627419298442e-16,windows,mkl,0
water_tank.mtx,60740x60740,non_def_pos,1527114616.2539186,1527114622.5366666,3.5900602841173876e-10,windows,mkl,0
PR02R.mtx,161070x161070,non_def_pos,1527114725.963793,1527114797.0565886,2066635875576.0688,windows,mkl,0
ex19.mtx,12005x12005,non_def_pos,1527114799.9036734,1527114800.320357,1.3331235358857922e-08,windows,mkl,0
graham1.mtx,9035x9035,non_def_pos,1527114804.6208143,1527114805.1084826,0.04068018104349518,windows,mkl,0
raefsky3.mtx,21200x21200,non_def_pos,1527114822.1729934,1527114822.937218,4.089076515968476e-12,windows,mkl,0
torso1.mtx,116158x116158,non_def_pos,1527114930.9745162,1527114964.5647855,0.9902801586575007,windows,mkl,0
torso3.mtx,259156x259156,non_def_pos,1527115020.9975953,1527115059.5129967,5.354627419298442e-16,windows,mkl,0
water_tank.mtx,60740x60740,non_def_pos,1527115085.6725001,1527115091.965327,3.5900602841173876e-10,windows,mkl,0
PR02R.mtx,161070x161070,non_def_pos,1527115195.9191918,1527115267.0252893,3554508533191.094,windows,mkl,0
ex19.mtx,12005x12005,non_def_pos,1527115269.851472,1527115270.2806225,1.3331235358857922e-08,windows,mkl,0
graham1.mtx,9035x9035,non_def_pos,1527115274.5607586,1527115275.0448298,0.05299469313855563,windows,mkl,0
raefsky3.mtx,21200x21200,non_def_pos,1527115291.928875,1527115292.6968744,4.089083658473406e-12,windows,mkl,0
torso1.mtx,116158x116158,non_def_pos,1527115401.6904545,1527115435.2753487,0.9902801586575007,windows,mkl,0
torso3.mtx,259156x259156,non_def_pos,1527115491.5686495,1527115530.1099524,5.354627419298442e-16,windows,mkl,0
water_tank.mtx,60740x60740,non_def_pos,1527115556.5380816,1527115562.8006263,3.5900602841173876e-10,windows,mkl,0
PR02R.mtx,161070x161070,non_def_pos,1527115666.4262927,1527115737.4561467,3554508533191.094,windows,mkl,0
ex19.mtx,12005x12005,non_def_pos,1527115740.2656646,1527115740.7042913,1.3331235358857922e-08,windows,mkl,0
graham1.mtx,9035x9035,non_def_pos,1527115744.9741962,1527115745.445554,0.03393998021633246,windows,mkl,0
raefsky3.mtx,21200x21200,non_def_pos,1527115762.4079256,1527115763.181392,4.089089958806735e-12,windows,mkl,0
torso1.mtx,116158x116158,non_def_pos,1527115871.2435713,1527115904.8756402,0.9902801586575007,windows,mkl,0
torso3.mtx,259156x259156,non_def_pos,1527115961.3702536,1527115999.8433893,5.354627419298442e-16,windows,mkl,0
water_tank.mtx,60740x60740,non_def_pos,1527116025.9015484,1527116032.2230783,3.5900602841173876e-10,windows,mkl,0
PR02R.mtx,161070x161070,non_def_pos,1527116136.214798,1527116207.1499114,2066635875576.0688,windows,mkl,0
ex19.mtx,12005x12005,non_def_pos,1527116209.9921498,1527116210.4247816,1.3331235358857922e-08,windows,mkl,0
graham1.mtx,9035x9035,non_def_pos,1527116214.7061944,1527116215.2135463,0.03393998021633246,windows,mkl,0
raefsky3.mtx,21200x21200,non_def_pos,1527116232.0061607,1527116232.7709408,4.089088468402508e-12,windows,mkl,0
torso1.mtx,116158x116158,non_def_pos,1527116340.8833475,1527116374.5729558,0.9902801586575007,windows,mkl,0
torso3.mtx,259156x259156,non_def_pos,1527116430.8752239,1527116469.3809624,5.354627419298442e-16,windows,mkl,0
water_tank.mtx,60740x60740,non_def_pos,1527116495.8598843,1527116502.235405,3.5900602841173876e-10,windows,mkl,0
PR02R.mtx,161070x161070,non_def_pos,1527116605.2141073,1527116676.5715911,845137281272.4894,windows,mkl,0
ex19.mtx,12005x12005,non_def_pos,1527116679.3998542,1527116679.8363254,1.3331235358857922e-08,windows,mkl,0
graham1.mtx,9035x9035,non_def_pos,1527116684.106918,1527116684.580405,0.05299469313855563,windows,mkl,0
raefsky3.mtx,21200x21200,non_def_pos,1527116701.6045485,1527116702.3817732,4.089088468402508e-12,windows,mkl,0
torso1.mtx,116158x116158,non_def_pos,1527116810.1537035,1527116843.8834538,0.9902801586575007,windows,mkl,0
torso3.mtx,259156x259156,non_def_pos,1527116900.2816138,1527116938.745943,5.354627419298442e-16,windows,mkl,0
water_tank.mtx,60740x60740,non_def_pos,1527116964.9822228,1527116971.3258965,3.5900602841173876e-10,windows,mkl,0
PR02R.mtx,161070x161070,non_def_pos,1527117075.118319,1527117146.7399855,2299661766256.716,windows,mkl,0
ex19.mtx,12005x12005,non_def_pos,1527117149.543381,1527117149.9795413,1.3331235358857922e-08,windows,mkl,0
graham1.mtx,9035x9035,non_def_pos,1527117154.268004,1527117154.7470295,0.04068018104349518,windows,mkl,0
raefsky3.mtx,21200x21200,non_def_pos,1527117171.6118789,1527117172.4157896,4.089088468402508e-12,windows,mkl,0
torso1.mtx,116158x116158,non_def_pos,1527117281.2983217,1527117314.9608743,0.9902801586575007,windows,mkl,0
torso3.mtx,259156x259156,non_def_pos,1527117371.5329988,1527117410.0998964,5.354627419298442e-16,windows,mkl,0
water_tank.mtx,60740x60740,non_def_pos,1527117436.499392,1527117442.8258774,3.5900602841173876e-10,windows,mkl,0
PR02R.mtx,161070x161070,non_def_pos,1527117546.0001142,1527117617.2519763,3554508533191.094,windows,mkl,0
ex19.mtx,12005x12005,non_def_pos,1527117620.0817907,1527117620.5093455,1.3331235358857922e-08,windows,mkl,0
graham1.mtx,9035x9035,non_def_pos,1527117624.7992215,1527117625.2867177,0.05299469313855563,windows,mkl,0
raefsky3.mtx,21200x21200,non_def_pos,1527117642.2822742,1527117643.0482042,4.089090747942091e-12,windows,mkl,0
torso1.mtx,116158x116158,non_def_pos,1527117751.2847974,1527117784.932658,0.9902801586575007,windows,mkl,0
torso3.mtx,259156x259156,non_def_pos,1527117841.7182834,1527117880.2947993,5.354627419298442e-16,windows,mkl,0
water_tank.mtx,60740x60740,non_def_pos,1527117906.628447,1527117912.934739,3.588106741519159e-10,windows,mkl,0
PR02R.mtx,161070x161070,non_def_pos,1527118017.241972,1527118088.6047704,2299661766256.716,windows,mkl,0
ex19.mtx,12005x12005,non_def_pos,1527118091.4231844,1527118091.8442552,1.3331260196024399e-08,windows,mkl,0
graham1.mtx,9035x9035,non_def_pos,1527118096.178774,1527118096.659189,0.05299469313855563,windows,mkl,0
raefsky3.mtx,21200x21200,non_def_pos,1527118113.6466913,1527118114.4244037,4.089088468402508e-12,windows,mkl,0
torso1.mtx,116158x116158,non_def_pos,1527118222.6209,1527118256.4307454,0.9902801586575007,windows,mkl,0
torso3.mtx,259156x259156,non_def_pos,1527118312.9071124,1527118351.437848,5.354627419298442e-16,windows,mkl,0
water_tank.mtx,60740x60740,non_def_pos,1527118377.7551932,1527118384.0290015,3.5900602841173876e-10,windows,mkl,0
PR02R.mtx,161070x161070,non_def_pos,1527118487.012405,1527118558.084546,1201834970895.034,windows,mkl,0
ex19.mtx,12005x12005,non_def_pos,1527118560.9097183,1527118561.3403466,1.3331235358857922e-08,windows,mkl,0
graham1.mtx,9035x9035,non_def_pos,1527118565.5887277,1527118566.0731287,0.05299469313855563,windows,mkl,0
raefsky3.mtx,21200x21200,non_def_pos,1527118583.0236077,1527118583.7988005,4.089076515968476e-12,windows,mkl,0
torso1.mtx,116158x116158,non_def_pos,1527118691.3733573,1527118725.0337203,0.9902801586575007,windows,mkl,0
torso3.mtx,259156x259156,non_def_pos,1527118781.5916708,1527118820.1582322,5.354627419298442e-16,windows,mkl,0
water_tank.mtx,60740x60740,non_def_pos,1527118846.2911339,1527118852.6322517,3.5900602841173876e-10,windows,mkl,0
PR02R.mtx,161070x161070,non_def_pos,1527118956.4407406,1527119027.7898881,3554508533191.094,windows,mkl,0
ex19.mtx,12005x12005,non_def_pos,1527119030.620951,1527119031.063877,1.3331235358857922e-08,windows,mkl,0
graham1.mtx,9035x9035,non_def_pos,1527119035.3460195,1527119035.8203664,0.05299469313855563,windows,mkl,0
raefsky3.mtx,21200x21200,non_def_pos,1527119052.7662466,1527119053.540529,4.089076515968476e-12,windows,mkl,0
torso1.mtx,116158x116158,non_def_pos,1527119161.981781,1527119195.7757998,0.9902801586575007,windows,mkl,0
torso3.mtx,259156x259156,non_def_pos,1527119252.018425,1527119290.5950143,5.354627419298442e-16,windows,mkl,0
water_tank.mtx,60740x60740,non_def_pos,1527119316.8855016,1527119323.1811821,3.5900602841173876e-10,windows,mkl,0
PR02R.mtx,161070x161070,non_def_pos,1527119426.3207276,1527119497.2752123,1201834970895.034,windows,mkl,0
ex19.mtx,12005x12005,non_def_pos,1527119500.1084616,1527119500.5403824,1.3331235358857922e-08,windows,mkl,0
graham1.mtx,9035x9035,non_def_pos,1527119504.7952158,1527119505.2805412,0.05299469313855563,windows,mkl,0
raefsky3.mtx,21200x21200,non_def_pos,1527119522.2397876,1527119523.005134,4.089088468402508e-12,windows,mkl,0
torso1.mtx,116158x116158,non_def_pos,1527119631.305719,1527119664.9242716,0.9902801586575007,windows,mkl,0
torso3.mtx,259156x259156,non_def_pos,1527119721.5964048,1527119760.17425,5.354627419298442e-16,windows,mkl,0
water_tank.mtx,60740x60740,non_def_pos,1527119786.4756215,1527119792.799776,3.5900602841173876e-10,windows,mkl,0
PR02R.mtx,161070x161070,non_def_pos,1527119896.161887,1527119967.602626,715977832381.3489,windows,mkl,0
ex19.mtx,12005x12005,non_def_pos,1527119970.4443595,1527119970.863466,1.3331235358857922e-08,windows,mkl,0
graham1.mtx,9035x9035,non_def_pos,1527119975.1681602,1527119975.6526563,0.041737243252635274,windows,mkl,0
raefsky3.mtx,21200x21200,non_def_pos,1527119992.5381224,1527119993.3008337,4.089090747942091e-12,windows,mkl,0
torso1.mtx,116158x116158,non_def_pos,1527120101.9582365,1527120135.6114185,0.9902801586575007,windows,mkl,0
torso3.mtx,259156x259156,non_def_pos,1527120192.13185,1527120230.6400251,5.354627419298442e-16,windows,mkl,0
water_tank.mtx,60740x60740,non_def_pos,1527120256.9481235,1527120263.2183433,3.5900602841173876e-10,windows,mkl,0
PR02R.mtx,161070x161070,non_def_pos,1527120366.8440144,1527120437.88381,3554508533191.094,windows,mkl,0
ex19.mtx,12005x12005,non_def_pos,1527120440.7229667,1527120441.1514568,1.3331235358857922e-08,windows,mkl,0
graham1.mtx,9035x9035,non_def_pos,1527120445.427135,1527120445.8971512,0.05299469313855563,windows,mkl,0
raefsky3.mtx,21200x21200,non_def_pos,1527120462.8961244,1527120463.6731527,4.089090747942091e-12,windows,mkl,0
torso1.mtx,116158x116158,non_def_pos,1527120571.6515415,1527120605.3135517,0.9902801586575007,windows,mkl,0
torso3.mtx,259156x259156,non_def_pos,1527120661.999359,1527120700.5037367,5.354627419298442e-16,windows,mkl,0
water_tank.mtx,60740x60740,non_def_pos,1527120726.6845338,1527120733.0066183,3.5900602841173876e-10,windows,mkl,0
PR02R.mtx,161070x161070,non_def_pos,1527120836.5191052,1527120907.7519803,2299661766256.716,windows,mkl,0
ex19.mtx,12005x12005,non_def_pos,1527120910.5807629,1527120911.0094275,1.3331235358857922e-08,windows,mkl,0
graham1.mtx,9035x9035,non_def_pos,1527120915.3222203,1527120915.8000975,0.05299469313855563,windows,mkl,0
raefsky3.mtx,21200x21200,non_def_pos,1527120932.6757934,1527120933.4436991,4.089090747942091e-12,windows,mkl,0
torso1.mtx,116158x116158,non_def_pos,1527121042.1501856,1527121075.827268,0.9902801586575007,windows,mkl,0
torso3.mtx,259156x259156,non_def_pos,1527121132.239162,1527121170.6568916,5.354627419298442e-16,windows,mkl,0
water_tank.mtx,60740x60740,non_def_pos,1527121196.9573438,1527121203.2233768,3.5980527163682385e-10,windows,mkl,0
PR02R.mtx,161070x161070,non_def_pos,1527121306.5617607,1527121377.6628795,1495515065220.5693,windows,mkl,0
ex19.mtx,12005x12005,non_def_pos,1527121380.4880373,1527121380.910272,1.3331235358857922e-08,windows,mkl,0
graham1.mtx,9035x9035,non_def_pos,1527121385.1780977,1527121385.6635256,0.03393998021633246,windows,mkl,0
raefsky3.mtx,21200x21200,non_def_pos,1527121402.5953615,1527121403.3565447,4.089083658473406e-12,windows,mkl,0
torso1.mtx,116158x116158,non_def_pos,1527121511.1979017,1527121544.9598098,0.9902801586575007,windows,mkl,0
torso3.mtx,259156x259156,non_def_pos,1527121601.384168,1527121639.9839714,5.354627419298442e-16,windows,mkl,0
water_tank.mtx,60740x60740,non_def_pos,1527121666.395766,1527121672.6974227,3.5980527163682385e-10,windows,mkl,0
PR02R.mtx,161070x161070,non_def_pos,1527121776.7396164,1527121848.0038326,855563946958.6527,windows,mkl,0
ex19.mtx,12005x12005,non_def_pos,1527121850.819339,1527121851.262903,1.3331235358857922e-08,windows,mkl,0
graham1.mtx,9035x9035,non_def_pos,1527121855.5524256,1527121856.0279188,0.05299469313855563,windows,mkl,0
raefsky3.mtx,21200x21200,non_def_pos,1527121872.8392856,1527121873.598856,4.089088468402508e-12,windows,mkl,0
torso1.mtx,116158x116158,non_def_pos,1527121981.7877386,1527122015.5332568,0.9902801586575007,windows,mkl,0
torso3.mtx,259156x259156,non_def_pos,1527122071.8191924,1527122110.2685513,5.354627419298442e-16,windows,mkl,0
water_tank.mtx,60740x60740,non_def_pos,1527122136.463831,1527122142.7432225,3.5900602841173876e-10,windows,mkl,0
PR02R.mtx,161070x161070,non_def_pos,1527122245.7556596,1527122316.9049244,2299661766256.716,windows,mkl,0
ex19.mtx,12005x12005,non_def_pos,1527122319.7548378,1527122320.1789305,1.3331235358857922e-08,windows,mkl,0
graham1.mtx,9035x9035,non_def_pos,1527122324.4629695,1527122324.942345,0.05299469313855563,windows,mkl,0
raefsky3.mtx,21200x21200,non_def_pos,1527122341.9661615,1527122342.7425697,4.0890895995494944e-12,windows,mkl,0
torso1.mtx,116158x116158,non_def_pos,1527122450.620197,1527122484.274409,0.9902801586575007,windows,mkl,0
torso3.mtx,259156x259156,non_def_pos,1527122540.7709472,1527122579.277211,5.354627419298442e-16,windows,mkl,0
water_tank.mtx,60740x60740,non_def_pos,1527122605.3861306,1527122611.6806052,3.5900602841173876e-10,windows,mkl,0
PR02R.mtx,161070x161070,non_def_pos,1527122715.3988466,1527122786.5321684,1201834970895.034,windows,mkl,0
ex19.mtx,12005x12005,non_def_pos,1527122789.3636823,1527122789.7938998,1.3331260196024399e-08,windows,mkl,0
graham1.mtx,9035x9035,non_def_pos,1527122794.0852077,1527122794.5709777,0.05299469313855563,windows,mkl,0
raefsky3.mtx,21200x21200,non_def_pos,1527122811.446239,1527122812.2196007,4.089083658473406e-12,windows,mkl,0
torso1.mtx,116158x116158,non_def_pos,1527122920.976206,1527122954.6724617,0.9902801586575007,windows,mkl,0
torso3.mtx,259156x259156,non_def_pos,1527123010.9531279,1527123049.4108346,5.354627419298442e-16,windows,mkl,0
water_tank.mtx,60740x60740,non_def_pos,1527123075.6646907,1527123081.9405832,3.5900602841173876e-10,windows,mkl,0
PR02R.mtx,161070x161070,non_def_pos,1527123184.9659863,1527123256.0671751,3554508533191.094,windows,mkl,0
ex19.mtx,12005x12005,non_def_pos,1527123258.9286454,1527123259.3741274,1.3331235358857922e-08,windows,mkl,0
graham1.mtx,9035x9035,non_def_pos,1527123263.7040992,1527123264.1798518,0.05299469313855563,windows,mkl,0
raefsky3.mtx,21200x21200,non_def_pos,1527123281.3638687,1527123282.1363742,4.089076515968476e-12,windows,mkl,0
torso1.mtx,116158x116158,non_def_pos,1527123390.2269168,1527123423.9549284,0.9902801586575007,windows,mkl,0
torso3.mtx,259156x259156,non_def_pos,1527123480.6399996,1527123519.0369408,5.354627419298442e-16,windows,mkl,0
water_tank.mtx,60740x60740,non_def_pos,1527123545.191178,1527123551.4547942,3.5900602841173876e-10,windows,mkl,0
PR02R.mtx,161070x161070,non_def_pos,1527123655.3615766,1527123726.5503023,715977832381.3489,windows,mkl,0
ex19.mtx,12005x12005,non_def_pos,1527123729.407229,1527123729.8487983,1.3331235358857922e-08,windows,mkl,0
graham1.mtx,9035x9035,non_def_pos,1527123734.179099,1527123734.6662874,0.05299469313855563,windows,mkl,0
raefsky3.mtx,21200x21200,non_def_pos,1527123751.561198,1527123752.3291485,4.089090747942091e-12,windows,mkl,0
torso1.mtx,116158x116158,non_def_pos,1527123861.4637468,1527123895.1917772,0.9902801586575007,windows,mkl,0
torso3.mtx,259156x259156,non_def_pos,1527123951.5618281,1527123990.1834037,5.354627419298442e-16,windows,mkl,0
water_tank.mtx,60740x60740,non_def_pos,1527124016.6117442,1527124022.8745377,3.5900602841173876e-10,windows,mkl,0
PR02R.mtx,161070x161070,non_def_pos,1527124125.749055,1527124196.8875356,3554508533191.094,windows,mkl,0
ex19.mtx,12005x12005,non_def_pos,1527124199.7202575,1527124200.1276839,1.3331235358857922e-08,windows,mkl,0
graham1.mtx,9035x9035,non_def_pos,1527124204.3621116,1527124204.8455982,0.05299469313855563,windows,mkl,0
raefsky3.mtx,21200x21200,non_def_pos,1527124221.7361314,1527124222.5014098,4.089089958806735e-12,windows,mkl,0
torso1.mtx,116158x116158,non_def_pos,1527124329.9784646,1527124363.703595,0.9902801586575007,windows,mkl,0
torso3.mtx,259156x259156,non_def_pos,1527124420.0554826,1527124458.5008445,5.354627419298442e-16,windows,mkl,0
water_tank.mtx,60740x60740,non_def_pos,1527124484.6298046,1527124490.907314,3.5900602841173876e-10,windows,mkl,0
PR02R.mtx,161070x161070,non_def_pos,1527124595.1848338,1527124666.3659005,1401739563730.4395,windows,mkl,0
ex19.mtx,12005x12005,non_def_pos,1527124669.1712627,1527124669.602706,1.3331235358857922e-08,windows,mkl,0
graham1.mtx,9035x9035,non_def_pos,1527124673.8778384,1527124674.3504295,0.05299469313855563,windows,mkl,0
raefsky3.mtx,21200x21200,non_def_pos,1527124691.143919,1527124691.9022117,4.089083658473406e-12,windows,mkl,0
torso1.mtx,116158x116158,non_def_pos,1527124800.5064907,1527124834.2097285,0.9902801586575007,windows,mkl,0
torso3.mtx,259156x259156,non_def_pos,1527124890.3469338,1527124928.9134407,5.354627419298442e-16,windows,mkl,0
water_tank.mtx,60740x60740,non_def_pos,1527124955.3531811,1527124961.690455,3.5900602841173876e-10,windows,mkl,0
PR02R.mtx,161070x161070,non_def_pos,1527125064.6611178,1527125136.110227,1201834970895.034,windows,mkl,0
ex19.mtx,12005x12005,non_def_pos,1527125138.9421885,1527125139.3664656,1.3331235358857922e-08,windows,mkl,0
graham1.mtx,9035x9035,non_def_pos,1527125143.6343796,1527125144.1178787,0.03393998021633246,windows,mkl,0
raefsky3.mtx,21200x21200,non_def_pos,1527125161.1015346,1527125161.8663375,4.089089958806735e-12,windows,mkl,0
torso1.mtx,116158x116158,non_def_pos,1527125269.7497606,1527125303.3334098,0.9902801586575007,windows,mkl,0
torso3.mtx,259156x259156,non_def_pos,1527125360.0953898,1527125398.6720302,5.354627419298442e-16,windows,mkl,0
water_tank.mtx,60740x60740,non_def_pos,1527125425.0096116,1527125431.27676,3.5900602841173876e-10,windows,mkl,0
PR02R.mtx,161070x161070,non_def_pos,1527125535.3373911,1527125606.5991898,3554508533191.094,windows,mkl,0
ex19.mtx,12005x12005,non_def_pos,1527125609.449965,1527125609.8934202,1.3331235358857922e-08,windows,mkl,0
graham1.mtx,9035x9035,non_def_pos,1527125614.1777544,1527125614.6536071,0.05299469313855563,windows,mkl,0
raefsky3.mtx,21200x21200,non_def_pos,1527125631.4822552,1527125632.257489,4.089090747942091e-12,windows,mkl,0
torso1.mtx,116158x116158,non_def_pos,1527125740.7389312,1527125774.445892,0.9902801586575007,windows,mkl,0
torso3.mtx,259156x259156,non_def_pos,1527125830.7309916,1527125869.2787097,5.354627419298442e-16,windows,mkl,0
water_tank.mtx,60740x60740,non_def_pos,1527125895.735658,1527125902.0136561,3.5900602841173876e-10,windows,mkl,0
