matrix,dimensions,type,start_time,end_time,rel_error,system,library,umfpack_error
matrici_def_pos\G3_circuit.mtx,1585478x1585478,def_pos,1527082788.1572602,1527082804.381289,1.7128021407413205e-12,windows,mkl,0
matrici_def_pos\apache2.mtx,715176x715176,def_pos,1527082813.3825047,1527082831.2289362,1.2946633511180317e-11,windows,mkl,0
matrici_def_pos\cfd1.mtx,70656x70656,def_pos,1527082834.2397413,1527082836.3769453,8.86717513758238e-14,windows,mkl,0
matrici_def_pos\cfd2.mtx,123440x123440,def_pos,1527082841.415754,1527082845.3313608,2.4163540916352726e-13,windows,mkl,0
matrici_def_pos\ex15.mtx,6867x6867,def_pos,1527082845.5497613,1527082845.6589613,7.130587072135745e-07,windows,mkl,0
matrici_def_pos\parabolic_fem.mtx,525825x525825,def_pos,1527082853.5213752,1527082857.6241822,4.529659375100226e-12,windows,mkl,0
matrici_def_pos\shallow_water1.mtx,81920x81920,def_pos,1527082858.4197836,1527082859.012585,1.984541852834143e-16,windows,mkl,0
matrici_def_pos\G3_circuit.mtx,1585478x1585478,def_pos,1527082873.0370095,1527082887.9974358,1.7128021407413205e-12,windows,mkl,0
matrici_def_pos\apache2.mtx,715176x715176,def_pos,1527082897.0766518,1527082915.313084,1.2946633511180317e-11,windows,mkl,0
matrici_def_pos\cfd1.mtx,70656x70656,def_pos,1527082918.76069,1527082920.9446936,8.86717513758238e-14,windows,mkl,0
matrici_def_pos\cfd2.mtx,123440x123440,def_pos,1527082926.0303028,1527082929.9927094,2.417281964028079e-13,windows,mkl,0
matrici_def_pos\ex15.mtx,6867x6867,def_pos,1527082930.2423098,1527082930.3827102,7.13062827794997e-07,windows,mkl,0
matrici_def_pos\parabolic_fem.mtx,525825x525825,def_pos,1527082938.9159253,1527082943.0343325,4.529659375100226e-12,windows,mkl,0
matrici_def_pos\shallow_water1.mtx,81920x81920,def_pos,1527082943.8611338,1527082944.453935,1.984541852834143e-16,windows,mkl,0
matrici_def_pos\G3_circuit.mtx,1585478x1585478,def_pos,1527082958.71236,1527082973.9847867,1.7128021741099656e-12,windows,mkl,0
matrici_def_pos\apache2.mtx,715176x715176,def_pos,1527082984.9984062,1527083005.2004416,1.2946633511180317e-11,windows,mkl,0
matrici_def_pos\cfd1.mtx,70656x70656,def_pos,1527083009.303249,1527083011.4872527,8.867576307787091e-14,windows,mkl,0
matrici_def_pos\cfd2.mtx,123440x123440,def_pos,1527083016.5104613,1527083020.3324683,2.417281964028079e-13,windows,mkl,0
matrici_def_pos\ex15.mtx,6867x6867,def_pos,1527083020.5664687,1527083020.691269,7.130600364180748e-07,windows,mkl,0
matrici_def_pos\parabolic_fem.mtx,525825x525825,def_pos,1527083029.6144845,1527083033.7328918,4.529659375100226e-12,windows,mkl,0
matrici_def_pos\shallow_water1.mtx,81920x81920,def_pos,1527083034.5284932,1527083035.121294,1.9843485084375063e-16,windows,mkl,0
matrici_def_pos\G3_circuit.mtx,1585478x1585478,def_pos,1527083049.0989187,1527083066.305749,1.7128021407413205e-12,windows,mkl,0
matrici_def_pos\apache2.mtx,715176x715176,def_pos,1527083075.3225648,1527083094.8381991,1.2946629786532977e-11,windows,mkl,0
matrici_def_pos\cfd1.mtx,70656x70656,def_pos,1527083098.738206,1527083101.0158098,8.86717513758238e-14,windows,mkl,0
matrici_def_pos\cfd2.mtx,123440x123440,def_pos,1527083106.0702188,1527083109.9234254,2.417281964028079e-13,windows,mkl,0
matrici_def_pos\ex15.mtx,6867x6867,def_pos,1527083110.1106257,1527083110.235426,7.130587072135745e-07,windows,mkl,0
matrici_def_pos\parabolic_fem.mtx,525825x525825,def_pos,1527083120.2662437,1527083124.369051,4.529659375100226e-12,windows,mkl,0
matrici_def_pos\shallow_water1.mtx,81920x81920,def_pos,1527083125.1646523,1527083125.7730534,1.9843636733847246e-16,windows,mkl,0
matrici_def_pos\G3_circuit.mtx,1585478x1585478,def_pos,1527083144.961087,1527083162.511118,1.7128021407413205e-12,windows,mkl,0
matrici_def_pos\apache2.mtx,715176x715176,def_pos,1527083171.4655337,1527083191.074768,1.2946633511180317e-11,windows,mkl,0
matrici_def_pos\cfd1.mtx,70656x70656,def_pos,1527083195.1307752,1527083197.408379,8.86717513758238e-14,windows,mkl,0
matrici_def_pos\cfd2.mtx,123440x123440,def_pos,1527083202.4783883,1527083206.347195,2.417281964028079e-13,windows,mkl,0
matrici_def_pos\ex15.mtx,6867x6867,def_pos,1527083206.6123955,1527083206.7215958,7.130600364180748e-07,windows,mkl,0
matrici_def_pos\parabolic_fem.mtx,525825x525825,def_pos,1527083217.4076145,1527083222.7116237,4.529659375100226e-12,windows,mkl,0
matrici_def_pos\shallow_water1.mtx,81920x81920,def_pos,1527083223.8192255,1527083224.599227,1.984420540904643e-16,windows,mkl,0
matrici_def_pos\G3_circuit.mtx,1585478x1585478,def_pos,1527083239.2632527,1527083256.1268823,1.7128021407413205e-12,windows,mkl,0
matrici_def_pos\apache2.mtx,715176x715176,def_pos,1527083265.1592984,1527083284.5969324,1.2946629786532977e-11,windows,mkl,0
matrici_def_pos\cfd1.mtx,70656x70656,def_pos,1527083288.7465398,1527083291.5077446,8.86717513758238e-14,windows,mkl,0
matrici_def_pos\cfd2.mtx,123440x123440,def_pos,1527083297.7477555,1527083301.538562,2.417281964028079e-13,windows,mkl,0
matrici_def_pos\ex15.mtx,6867x6867,def_pos,1527083301.7569625,1527083301.8661628,7.130587072135745e-07,windows,mkl,0
matrici_def_pos\parabolic_fem.mtx,525825x525825,def_pos,1527083309.6193764,1527083313.8157837,4.529659375100226e-12,windows,mkl,0
matrici_def_pos\shallow_water1.mtx,81920x81920,def_pos,1527083314.6269853,1527083315.2041862,1.9844053763920097e-16,windows,mkl,0
matrici_def_pos\G3_circuit.mtx,1585478x1585478,def_pos,1527083329.353411,1527083346.2014406,1.7128021407413205e-12,windows,mkl,0
matrici_def_pos\apache2.mtx,715176x715176,def_pos,1527083355.7798574,1527083374.9990911,1.294662946310899e-11,windows,mkl,0
matrici_def_pos\cfd1.mtx,70656x70656,def_pos,1527083379.1486983,1527083381.9099033,8.86717513758238e-14,windows,mkl,0
matrici_def_pos\cfd2.mtx,123440x123440,def_pos,1527083388.7895155,1527083393.687924,2.40952440483282e-13,windows,mkl,0
matrici_def_pos\ex15.mtx,6867x6867,def_pos,1527083393.9531243,1527083394.0935247,7.130587072135745e-07,windows,mkl,0
matrici_def_pos\parabolic_fem.mtx,525825x525825,def_pos,1527083402.5955398,1527083406.776347,4.529659375100226e-12,windows,mkl,0
matrici_def_pos\shallow_water1.mtx,81920x81920,def_pos,1527083407.6187484,1527083408.1959496,1.9844053763920097e-16,windows,mkl,0
matrici_def_pos\G3_circuit.mtx,1585478x1585478,def_pos,1527083422.2047741,1527083438.038802,1.7128021741099656e-12,windows,mkl,0
matrici_def_pos\apache2.mtx,715176x715176,def_pos,1527083449.0212212,1527083469.7536576,1.294662946310899e-11,windows,mkl,0
matrici_def_pos\cfd1.mtx,70656x70656,def_pos,1527083473.7784646,1527083475.9624686,8.86717513758238e-14,windows,mkl,0
matrici_def_pos\cfd2.mtx,123440x123440,def_pos,1527083483.169681,1527083487.2412882,2.417281964028079e-13,windows,mkl,0
matrici_def_pos\ex15.mtx,6867x6867,def_pos,1527083487.5220888,1527083487.6624892,7.130600364180748e-07,windows,mkl,0
matrici_def_pos\parabolic_fem.mtx,525825x525825,def_pos,1527083498.410908,1527083503.3717165,4.529659375100226e-12,windows,mkl,0
matrici_def_pos\shallow_water1.mtx,81920x81920,def_pos,1527083504.151718,1527083504.728919,1.9844053763920097e-16,windows,mkl,0
matrici_def_pos\G3_circuit.mtx,1585478x1585478,def_pos,1527083518.7689435,1527083535.492173,1.7128021407413205e-12,windows,mkl,0
matrici_def_pos\apache2.mtx,715176x715176,def_pos,1527083545.2109902,1527083565.7874262,1.2946633511180317e-11,windows,mkl,0
matrici_def_pos\cfd1.mtx,70656x70656,def_pos,1527083569.9058335,1527083572.7606385,8.86717513758238e-14,windows,mkl,0
matrici_def_pos\cfd2.mtx,123440x123440,def_pos,1527083578.236248,1527083582.151855,2.4089218442958417e-13,windows,mkl,0
matrici_def_pos\ex15.mtx,6867x6867,def_pos,1527083582.3546555,1527083582.4638555,7.130600364180748e-07,windows,mkl,0
matrici_def_pos\parabolic_fem.mtx,525825x525825,def_pos,1527083593.1030743,1527083598.4538836,4.529659375100226e-12,windows,mkl,0
matrici_def_pos\shallow_water1.mtx,81920x81920,def_pos,1527083599.5146854,1527083600.2634866,1.984420540904643e-16,windows,mkl,0
matrici_def_pos\G3_circuit.mtx,1585478x1585478,def_pos,1527083614.9899125,1527083631.8223422,1.7128021407413205e-12,windows,mkl,0
matrici_def_pos\apache2.mtx,715176x715176,def_pos,1527083644.3179643,1527083666.345203,1.2946633511180317e-11,windows,mkl,0
matrici_def_pos\cfd1.mtx,70656x70656,def_pos,1527083670.49481,1527083673.3340151,8.86717513758238e-14,windows,mkl,0
matrici_def_pos\cfd2.mtx,123440x123440,def_pos,1527083680.073227,1527083684.7220352,2.4089218442958417e-13,windows,mkl,0
matrici_def_pos\ex15.mtx,6867x6867,def_pos,1527083685.1120358,1527083685.330436,7.130641612679843e-07,windows,mkl,0
matrici_def_pos\parabolic_fem.mtx,525825x525825,def_pos,1527083694.4096522,1527083698.5592594,4.529659375100226e-12,windows,mkl,0
matrici_def_pos\shallow_water1.mtx,81920x81920,def_pos,1527083699.3392608,1527083699.932062,1.984420540904643e-16,windows,mkl,0
matrici_def_pos\G3_circuit.mtx,1585478x1585478,def_pos,1527083714.876888,1527083732.1617186,1.7128021407413205e-12,windows,mkl,0
matrici_def_pos\apache2.mtx,715176x715176,def_pos,1527083742.3797364,1527083762.644172,1.2946633511180317e-11,windows,mkl,0
matrici_def_pos\cfd1.mtx,70656x70656,def_pos,1527083766.1385782,1527083768.338182,8.86717513758238e-14,windows,mkl,0
matrici_def_pos\cfd2.mtx,123440x123440,def_pos,1527083775.5453947,1527083779.4922016,2.417281964028079e-13,windows,mkl,0
matrici_def_pos\ex15.mtx,6867x6867,def_pos,1527083779.741802,1527083779.8510022,7.130600364180748e-07,windows,mkl,0
matrici_def_pos\parabolic_fem.mtx,525825x525825,def_pos,1527083787.651016,1527083791.8630233,4.529659375100226e-12,windows,mkl,0
matrici_def_pos\shallow_water1.mtx,81920x81920,def_pos,1527083792.6586246,1527083793.2358258,1.9843485084375063e-16,windows,mkl,0
matrici_def_pos\G3_circuit.mtx,1585478x1585478,def_pos,1527083808.3990524,1527083825.325082,1.7128021392881562e-12,windows,mkl,0
matrici_def_pos\apache2.mtx,715176x715176,def_pos,1527083835.4963,1527083855.0899343,1.2946633511180317e-11,windows,mkl,0
matrici_def_pos\cfd1.mtx,70656x70656,def_pos,1527083858.724741,1527083860.9711447,8.86717513758238e-14,windows,mkl,0
matrici_def_pos\cfd2.mtx,123440x123440,def_pos,1527083867.1175554,1527083872.1875644,2.417281964028079e-13,windows,mkl,0
matrici_def_pos\ex15.mtx,6867x6867,def_pos,1527083872.6555653,1527083872.8583658,7.130600364180748e-07,windows,mkl,0
matrici_def_pos\parabolic_fem.mtx,525825x525825,def_pos,1527083882.202782,1527083886.3679893,4.529659375100226e-12,windows,mkl,0
matrici_def_pos\shallow_water1.mtx,81920x81920,def_pos,1527083887.1947908,1527083887.7719917,1.9843902117634907e-16,windows,mkl,0
matrici_def_pos\G3_circuit.mtx,1585478x1585478,def_pos,1527083901.8744166,1527083918.8316462,1.7128021407413205e-12,windows,mkl,0
matrici_def_pos\apache2.mtx,715176x715176,def_pos,1527083929.7516654,1527083950.562102,1.2946633511180317e-11,windows,mkl,0
matrici_def_pos\cfd1.mtx,70656x70656,def_pos,1527083954.7117095,1527083957.5041142,8.859278099307869e-14,windows,mkl,0
matrici_def_pos\cfd2.mtx,123440x123440,def_pos,1527083963.8845255,1527083968.658134,2.4163713059829555e-13,windows,mkl,0
matrici_def_pos\ex15.mtx,6867x6867,def_pos,1527083969.0481343,1527083969.2509348,7.130600364180748e-07,windows,mkl,0
matrici_def_pos\parabolic_fem.mtx,525825x525825,def_pos,1527083977.7061498,1527083981.840157,4.529629165835305e-12,windows,mkl,0
matrici_def_pos\shallow_water1.mtx,81920x81920,def_pos,1527083982.6513584,1527083983.2285597,1.9843636733847246e-16,windows,mkl,0
matrici_def_pos\G3_circuit.mtx,1585478x1585478,def_pos,1527083999.4681878,1527084016.4410179,1.7128021407413205e-12,windows,mkl,0
matrici_def_pos\apache2.mtx,715176x715176,def_pos,1527084026.175435,1527084046.8922713,1.2946633511180317e-11,windows,mkl,0
matrici_def_pos\cfd1.mtx,70656x70656,def_pos,1527084050.9794786,1527084053.7718835,8.86717513758238e-14,windows,mkl,0
matrici_def_pos\cfd2.mtx,123440x123440,def_pos,1527084059.231893,1527084063.1943,2.417281964028079e-13,windows,mkl,0
matrici_def_pos\ex15.mtx,6867x6867,def_pos,1527084063.3971002,1527084063.5219007,7.130587072135745e-07,windows,mkl,0
matrici_def_pos\parabolic_fem.mtx,525825x525825,def_pos,1527084072.413916,1527084076.5479236,4.529659375100226e-12,windows,mkl,0
matrici_def_pos\shallow_water1.mtx,81920x81920,def_pos,1527084077.3903248,1527084077.967526,1.9844053763920097e-16,windows,mkl,0
matrici_def_pos\G3_circuit.mtx,1585478x1585478,def_pos,1527084092.1011508,1527084109.323581,1.7128021407413205e-12,windows,mkl,0
matrici_def_pos\apache2.mtx,715176x715176,def_pos,1527084121.7412026,1527084144.033642,1.294662946310899e-11,windows,mkl,0
matrici_def_pos\cfd1.mtx,70656x70656,def_pos,1527084148.152049,1527084150.5076535,8.859278099307869e-14,windows,mkl,0
matrici_def_pos\cfd2.mtx,123440x123440,def_pos,1527084155.530862,1527084159.399669,2.4163540916352726e-13,windows,mkl,0
matrici_def_pos\ex15.mtx,6867x6867,def_pos,1527084159.6180692,1527084159.7272694,7.130600364180748e-07,windows,mkl,0
matrici_def_pos\parabolic_fem.mtx,525825x525825,def_pos,1527084167.4960833,1527084171.5676901,4.529659375100226e-12,windows,mkl,0
matrici_def_pos\shallow_water1.mtx,81920x81920,def_pos,1527084172.3944917,1527084172.9716928,1.984420540904643e-16,windows,mkl,0
matrici_def_pos\G3_circuit.mtx,1585478x1585478,def_pos,1527084186.9649172,1527084203.9377472,1.7128021407413205e-12,windows,mkl,0
matrici_def_pos\apache2.mtx,715176x715176,def_pos,1527084213.2821634,1527084234.3266006,1.2946633511180317e-11,windows,mkl,0
matrici_def_pos\cfd1.mtx,70656x70656,def_pos,1527084238.4606078,1527084241.1906126,8.86717513758238e-14,windows,mkl,0
matrici_def_pos\cfd2.mtx,123440x123440,def_pos,1527084248.1482248,1527084252.937433,2.417281964028079e-13,windows,mkl,0
matrici_def_pos\ex15.mtx,6867x6867,def_pos,1527084253.2338338,1527084253.389834,7.130587072135745e-07,windows,mkl,0
matrici_def_pos\parabolic_fem.mtx,525825x525825,def_pos,1527084264.1070528,1527084268.5842607,4.529659375100226e-12,windows,mkl,0
matrici_def_pos\shallow_water1.mtx,81920x81920,def_pos,1527084269.379862,1527084269.9570632,1.9843485084375063e-16,windows,mkl,0
matrici_def_pos\G3_circuit.mtx,1585478x1585478,def_pos,1527084284.0750878,1527084301.1571178,1.7128021407413205e-12,windows,mkl,0
matrici_def_pos\apache2.mtx,715176x715176,def_pos,1527084310.2987337,1527084330.87517,1.2946633511180317e-11,windows,mkl,0
matrici_def_pos\cfd1.mtx,70656x70656,def_pos,1527084335.0247772,1527084337.8951824,8.859278099307869e-14,windows,mkl,0
matrici_def_pos\cfd2.mtx,123440x123440,def_pos,1527084344.1663933,1527084348.0352004,2.417281964028079e-13,windows,mkl,0
matrici_def_pos\ex15.mtx,6867x6867,def_pos,1527084348.2848005,1527084348.409601,7.130587072135745e-07,windows,mkl,0
matrici_def_pos\parabolic_fem.mtx,525825x525825,def_pos,1527084356.1940145,1527084360.343622,4.529659375100226e-12,windows,mkl,0
matrici_def_pos\shallow_water1.mtx,81920x81920,def_pos,1527084361.1392233,1527084361.7320244,1.984541852834143e-16,windows,mkl,0
matrici_def_pos\G3_circuit.mtx,1585478x1585478,def_pos,1527084377.8624525,1527084394.7416823,1.7128021407413205e-12,windows,mkl,0
matrici_def_pos\apache2.mtx,715176x715176,def_pos,1527084405.0377004,1527084426.3161378,1.294662946310899e-11,windows,mkl,0
matrici_def_pos\cfd1.mtx,70656x70656,def_pos,1527084430.4033449,1527084432.8681493,8.86717513758238e-14,windows,mkl,0
matrici_def_pos\cfd2.mtx,123440x123440,def_pos,1527084438.8117597,1527084443.616568,2.4049969818680623e-13,windows,mkl,0
matrici_def_pos\ex15.mtx,6867x6867,def_pos,1527084443.8817685,1527084444.0221689,7.130600364180748e-07,windows,mkl,0
matrici_def_pos\parabolic_fem.mtx,525825x525825,def_pos,1527084453.8501859,1527084457.9841933,4.529659375100226e-12,windows,mkl,0
matrici_def_pos\shallow_water1.mtx,81920x81920,def_pos,1527084458.795395,1527084459.3725958,1.9843485084375063e-16,windows,mkl,0
matrici_def_pos\G3_circuit.mtx,1585478x1585478,def_pos,1527084477.1722271,1527084496.9062617,1.7128021407413205e-12,windows,mkl,0
matrici_def_pos\apache2.mtx,715176x715176,def_pos,1527084505.8138773,1527084526.733514,1.2946633511180317e-11,windows,mkl,0
matrici_def_pos\cfd1.mtx,70656x70656,def_pos,1527084530.14992,1527084532.365124,8.843830001742955e-14,windows,mkl,0
matrici_def_pos\cfd2.mtx,123440x123440,def_pos,1527084539.5099363,1527084543.4567435,2.4049969818680623e-13,windows,mkl,0
matrici_def_pos\ex15.mtx,6867x6867,def_pos,1527084543.690744,1527084543.799944,7.13062827794997e-07,windows,mkl,0
matrici_def_pos\parabolic_fem.mtx,525825x525825,def_pos,1527084551.5063574,1527084555.624765,4.529659375100226e-12,windows,mkl,0
matrici_def_pos\shallow_water1.mtx,81920x81920,def_pos,1527084556.420366,1527084556.9975672,1.9843485084375063e-16,windows,mkl,0
matrici_def_pos\G3_circuit.mtx,1585478x1585478,def_pos,1527084573.1747956,1527084590.3192258,1.7128021407413205e-12,windows,mkl,0
matrici_def_pos\apache2.mtx,715176x715176,def_pos,1527084600.069243,1527084620.5052788,1.2946633511180317e-11,windows,mkl,0
matrici_def_pos\cfd1.mtx,70656x70656,def_pos,1527084624.6236858,1527084627.3848908,8.859278099307869e-14,windows,mkl,0
matrici_def_pos\cfd2.mtx,123440x123440,def_pos,1527084632.9697006,1527084637.010108,2.4163713059829555e-13,windows,mkl,0
matrici_def_pos\ex15.mtx,6867x6867,def_pos,1527084637.2285082,1527084637.3377082,7.130641612679843e-07,windows,mkl,0
matrici_def_pos\parabolic_fem.mtx,525825x525825,def_pos,1527084648.0705273,1527084653.4057367,4.529629165835305e-12,windows,mkl,0
matrici_def_pos\shallow_water1.mtx,81920x81920,def_pos,1527084654.5133386,1527084655.2621398,1.9845266892484995e-16,windows,mkl,0
matrici_def_pos\G3_circuit.mtx,1585478x1585478,def_pos,1527084671.1273677,1527084687.881797,1.7128021407413205e-12,windows,mkl,0
matrici_def_pos\apache2.mtx,715176x715176,def_pos,1527084696.976613,1527084717.7870495,1.294662946310899e-11,windows,mkl,0
matrici_def_pos\cfd1.mtx,70656x70656,def_pos,1527084721.8742568,1527084724.6042616,8.86717513758238e-14,windows,mkl,0
matrici_def_pos\cfd2.mtx,123440x123440,def_pos,1527084731.2810733,1527084735.3682806,2.417281964028079e-13,windows,mkl,0
matrici_def_pos\ex15.mtx,6867x6867,def_pos,1527084735.7738812,1527084735.9766815,7.130600364180748e-07,windows,mkl,0
matrici_def_pos\parabolic_fem.mtx,525825x525825,def_pos,1527084745.0870976,1527084749.236705,4.529659375100226e-12,windows,mkl,0
matrici_def_pos\shallow_water1.mtx,81920x81920,def_pos,1527084750.0323062,1527084750.6251073,1.984420540904643e-16,windows,mkl,0
matrici_def_pos\G3_circuit.mtx,1585478x1585478,def_pos,1527084768.3467383,1527084787.0043712,1.7128021407413205e-12,windows,mkl,0
matrici_def_pos\apache2.mtx,715176x715176,def_pos,1527084796.1303873,1527084816.9096239,1.2946633511180317e-11,windows,mkl,0
matrici_def_pos\cfd1.mtx,70656x70656,def_pos,1527084821.0280309,1527084823.8360357,8.859278099307869e-14,windows,mkl,0
matrici_def_pos\cfd2.mtx,123440x123440,def_pos,1527084830.809248,1527084835.5984566,2.40952440483282e-13,windows,mkl,0
matrici_def_pos\ex15.mtx,6867x6867,def_pos,1527084835.863657,1527084836.0040574,7.130600364180748e-07,windows,mkl,0
matrici_def_pos\parabolic_fem.mtx,525825x525825,def_pos,1527084844.7868726,1527084848.93648,4.529659375100226e-12,windows,mkl,0
matrici_def_pos\shallow_water1.mtx,81920x81920,def_pos,1527084849.7320814,1527084850.2936823,1.984420540904643e-16,windows,mkl,0
matrici_def_pos\G3_circuit.mtx,1585478x1585478,def_pos,1527084864.349307,1527084881.3221369,1.7128021407413205e-12,windows,mkl,0
matrici_def_pos\apache2.mtx,715176x715176,def_pos,1527084893.287358,1527084913.8169937,1.2946633511180317e-11,windows,mkl,0
matrici_def_pos\cfd1.mtx,70656x70656,def_pos,1527084917.919801,1527084920.696606,8.86717513758238e-14,windows,mkl,0
matrici_def_pos\cfd2.mtx,123440x123440,def_pos,1527084926.7182167,1527084930.5870233,2.4163713059829555e-13,windows,mkl,0
matrici_def_pos\ex15.mtx,6867x6867,def_pos,1527084930.7898238,1527084930.8990238,7.13062827794997e-07,windows,mkl,0
matrici_def_pos\parabolic_fem.mtx,525825x525825,def_pos,1527084938.5898376,1527084942.7082448,4.529659375100226e-12,windows,mkl,0
matrici_def_pos\shallow_water1.mtx,81920x81920,def_pos,1527084943.5038462,1527084944.081047,1.9844053763920097e-16,windows,mkl,0
matrici_def_pos\G3_circuit.mtx,1585478x1585478,def_pos,1527084959.2442737,1527084976.8723047,1.7128021407413205e-12,windows,mkl,0
matrici_def_pos\apache2.mtx,715176x715176,def_pos,1527084986.9967225,1527085007.9163592,1.294662946310899e-11,windows,mkl,0
matrici_def_pos\cfd1.mtx,70656x70656,def_pos,1527085012.0191665,1527085014.5463707,8.843830001742955e-14,windows,mkl,0
matrici_def_pos\cfd2.mtx,123440x123440,def_pos,1527085019.5539796,1527085023.4227865,2.417281964028079e-13,windows,mkl,0
matrici_def_pos\ex15.mtx,6867x6867,def_pos,1527085023.6255867,1527085023.734787,7.130600364180748e-07,windows,mkl,0
matrici_def_pos\parabolic_fem.mtx,525825x525825,def_pos,1527085031.5504007,1527085035.668808,4.529659375100226e-12,windows,mkl,0
matrici_def_pos\shallow_water1.mtx,81920x81920,def_pos,1527085036.4488091,1527085037.0572104,1.9845532254473409e-16,windows,mkl,0
matrici_def_pos\G3_circuit.mtx,1585478x1585478,def_pos,1527085051.1128352,1527085068.2416654,1.7128021407413205e-12,windows,mkl,0
matrici_def_pos\apache2.mtx,715176x715176,def_pos,1527085078.7716837,1527085099.2233195,1.2946629786532977e-11,windows,mkl,0
matrici_def_pos\cfd1.mtx,70656x70656,def_pos,1527085103.0921264,1527085105.2761302,8.843830001742955e-14,windows,mkl,0
matrici_def_pos\cfd2.mtx,123440x123440,def_pos,1527085110.252539,1527085114.136946,2.417281964028079e-13,windows,mkl,0
matrici_def_pos\ex15.mtx,6867x6867,def_pos,1527085114.4021463,1527085114.5269465,7.130587072135745e-07,windows,mkl,0
matrici_def_pos\parabolic_fem.mtx,525825x525825,def_pos,1527085125.181765,1527085129.6589732,4.529659375100226e-12,windows,mkl,0
matrici_def_pos\shallow_water1.mtx,81920x81920,def_pos,1527085130.4857745,1527085131.0785756,1.9843485084375063e-16,windows,mkl,0
matrici_def_pos\G3_circuit.mtx,1585478x1585478,def_pos,1527085145.1810002,1527085162.15383,1.7128021407413205e-12,windows,mkl,0
matrici_def_pos\apache2.mtx,715176x715176,def_pos,1527085172.4654481,1527085193.3694851,1.2946629786532977e-11,windows,mkl,0
matrici_def_pos\cfd1.mtx,70656x70656,def_pos,1527085196.9106913,1527085199.172695,8.86717513758238e-14,windows,mkl,0
matrici_def_pos\cfd2.mtx,123440x123440,def_pos,1527085206.3955078,1527085210.357915,2.417281964028079e-13,windows,mkl,0
matrici_def_pos\ex15.mtx,6867x6867,def_pos,1527085210.5763152,1527085210.7011154,7.130600364180748e-07,windows,mkl,0
matrici_def_pos\parabolic_fem.mtx,525825x525825,def_pos,1527085220.6539328,1527085224.8191402,4.529659375100226e-12,windows,mkl,0
matrici_def_pos\shallow_water1.mtx,81920x81920,def_pos,1527085225.6147416,1527085226.1919427,1.9843485084375063e-16,windows,mkl,0
matrici_def_pos\G3_circuit.mtx,1585478x1585478,def_pos,1527085240.2319672,1527085258.2499988,1.7128021407413205e-12,windows,mkl,0
matrici_def_pos\apache2.mtx,715176x715176,def_pos,1527085267.2200146,1527085287.8900511,1.294662946310899e-11,windows,mkl,0
matrici_def_pos\cfd1.mtx,70656x70656,def_pos,1527085292.024058,1527085294.7696629,8.883553160567009e-14,windows,mkl,0
matrici_def_pos\cfd2.mtx,123440x123440,def_pos,1527085300.2296727,1527085304.1764796,2.4163713059829555e-13,windows,mkl,0
matrici_def_pos\ex15.mtx,6867x6867,def_pos,1527085304.41048,1527085304.5352802,7.130641612679843e-07,windows,mkl,0
matrici_def_pos\parabolic_fem.mtx,525825x525825,def_pos,1527085314.176097,1527085319.5581067,4.529659375100226e-12,windows,mkl,0
matrici_def_pos\shallow_water1.mtx,81920x81920,def_pos,1527085320.353708,1527085320.930909,1.9844053763920097e-16,windows,mkl,0
matrici_def_pos\G3_circuit.mtx,1585478x1585478,def_pos,1527085334.9241335,1527085352.162164,1.7128021407413205e-12,windows,mkl,0
matrici_def_pos\apache2.mtx,715176x715176,def_pos,1527085362.504982,1527085383.2530186,1.2946629786532977e-11,windows,mkl,0
matrici_def_pos\cfd1.mtx,70656x70656,def_pos,1527085387.3090255,1527085390.1482306,8.86717513758238e-14,windows,mkl,0
matrici_def_pos\cfd2.mtx,123440x123440,def_pos,1527085397.0122428,1527085401.0526497,2.4163540916352726e-13,windows,mkl,0
matrici_def_pos\ex15.mtx,6867x6867,def_pos,1527085401.25545,1527085401.3646502,7.130600364180748e-07,windows,mkl,0
matrici_def_pos\parabolic_fem.mtx,525825x525825,def_pos,1527085411.3486679,1527085415.529475,4.529659375100226e-12,windows,mkl,0
matrici_def_pos\shallow_water1.mtx,81920x81920,def_pos,1527085416.3094766,1527085416.8866775,1.984541852834143e-16,windows,mkl,0
matrici_def_pos\G3_circuit.mtx,1585478x1585478,def_pos,1527085430.926702,1527085448.1647325,1.7128021407413205e-12,windows,mkl,0
matrici_def_pos\apache2.mtx,715176x715176,def_pos,1527085457.6807494,1527085478.4599857,1.294662946310899e-11,windows,mkl,0
matrici_def_pos\cfd1.mtx,70656x70656,def_pos,1527085482.6095932,1527085484.918397,8.86717513758238e-14,windows,mkl,0
matrici_def_pos\cfd2.mtx,123440x123440,def_pos,1527085489.9416058,1527085493.8260126,2.417281964028079e-13,windows,mkl,0
matrici_def_pos\ex15.mtx,6867x6867,def_pos,1527085494.0288131,1527085494.1380131,7.130587072135745e-07,windows,mkl,0
matrici_def_pos\parabolic_fem.mtx,525825x525825,def_pos,1527085504.0908306,1527085508.162438,4.529659375100226e-12,windows,mkl,0
matrici_def_pos\shallow_water1.mtx,81920x81920,def_pos,1527085508.9736395,1527085509.5508404,1.9843636733847246e-16,windows,mkl,0
matrici_def_pos\G3_circuit.mtx,1585478x1585478,def_pos,1527085523.575265,1527085540.7820952,1.7128021392881562e-12,windows,mkl,0
matrici_def_pos\apache2.mtx,715176x715176,def_pos,1527085550.469712,1527085570.874548,1.2946633511180317e-11,windows,mkl,0
matrici_def_pos\cfd1.mtx,70656x70656,def_pos,1527085574.9461553,1527085577.73856,8.86717513758238e-14,windows,mkl,0
matrici_def_pos\cfd2.mtx,123440x123440,def_pos,1527085584.3529718,1527085588.7521794,2.417281964028079e-13,windows,mkl,0
matrici_def_pos\ex15.mtx,6867x6867,def_pos,1527085589.1421802,1527085589.3449805,7.130641612679843e-07,windows,mkl,0
matrici_def_pos\parabolic_fem.mtx,525825x525825,def_pos,1527085598.4553964,1527085602.5894036,4.529659375100226e-12,windows,mkl,0
matrici_def_pos\shallow_water1.mtx,81920x81920,def_pos,1527085603.385005,1527085603.977806,1.9843485084375063e-16,windows,mkl,0
matrici_non_def_pos\PR02R.mtx,161070x161070,non_def_pos,1527085632.900257,1527085659.6699038,56474284643.64009,windows,mkl,0
matrici_non_def_pos\ex19.mtx,12005x12005,non_def_pos,1527085660.855506,1527085661.1675067,1.359438990180166e-08,windows,mkl,0
matrici_non_def_pos\graham1.mtx,9035x9035,non_def_pos,1527085662.8367093,1527085663.05511,0.008014327562500582,windows,mkl,0
matrici_non_def_pos\raefsky3.mtx,21200x21200,non_def_pos,1527085669.373121,1527085669.7007217,5.6972570581092355e-12,windows,mkl,0
matrici_non_def_pos\torso1.mtx,116158x116158,non_def_pos,1527085702.85078,1527085715.611602,0.9394674043437752,windows,mkl,0
matrici_non_def_pos\torso3.mtx,259156x259156,non_def_pos,1527085731.7420306,1527085749.8380623,5.414134769021098e-16,windows,mkl,0
matrici_non_def_pos\water_tank.mtx,60740x60740,non_def_pos,1527085758.184077,1527085760.7736814,4.2194199236112783e-10,windows,mkl,0
matrici_non_def_pos\PR02R.mtx,161070x161070,non_def_pos,1527085789.540132,1527085815.623378,94081088071.23405,windows,mkl,0
matrici_non_def_pos\ex19.mtx,12005x12005,non_def_pos,1527085816.74658,1527085817.0585804,1.3593399615776635e-08,windows,mkl,0
matrici_non_def_pos\graham1.mtx,9035x9035,non_def_pos,1527085818.540583,1527085818.7121832,0.008758088814251793,windows,mkl,0
matrici_non_def_pos\raefsky3.mtx,21200x21200,non_def_pos,1527085823.4545915,1527085823.7977922,5.697275723671214e-12,windows,mkl,0
matrici_non_def_pos\torso1.mtx,116158x116158,non_def_pos,1527085855.4346478,1527085868.2734704,0.9389062810836889,windows,mkl,0
matrici_non_def_pos\torso3.mtx,259156x259156,non_def_pos,1527085889.4271076,1527085907.2579386,5.414411921251078e-16,windows,mkl,0
matrici_non_def_pos\water_tank.mtx,60740x60740,non_def_pos,1527085915.6507535,1527085918.193558,4.2194199236112783e-10,windows,mkl,0
matrici_non_def_pos\PR02R.mtx,161070x161070,non_def_pos,1527085946.8352082,1527085972.8404539,81056063606.77556,windows,mkl,0
matrici_non_def_pos\ex19.mtx,12005x12005,non_def_pos,1527085973.6828554,1527085973.948056,1.359438990180166e-08,windows,mkl,0
matrici_non_def_pos\graham1.mtx,9035x9035,non_def_pos,1527085975.196058,1527085975.3520584,0.008758088814251793,windows,mkl,0
matrici_non_def_pos\raefsky3.mtx,21200x21200,non_def_pos,1527085980.1568668,1527085980.4688673,5.697274222752541e-12,windows,mkl,0
matrici_non_def_pos\torso1.mtx,116158x116158,non_def_pos,1527086010.6705205,1527086022.2145407,0.9389062810836889,windows,mkl,0
matrici_non_def_pos\torso3.mtx,259156x259156,non_def_pos,1527086039.7177715,1527086058.5782046,5.414411921251078e-16,windows,mkl,0
matrici_non_def_pos\water_tank.mtx,60740x60740,non_def_pos,1527086066.4250183,1527086069.1238232,4.2194199236112783e-10,windows,mkl,0
matrici_non_def_pos\PR02R.mtx,161070x161070,non_def_pos,1527086099.793477,1527086125.907923,82513027819.79466,windows,mkl,0
matrici_non_def_pos\ex19.mtx,12005x12005,non_def_pos,1527086127.093525,1527086127.4055254,1.359438990180166e-08,windows,mkl,0
matrici_non_def_pos\graham1.mtx,9035x9035,non_def_pos,1527086129.1371284,1527086129.3399289,0.008758088814251793,windows,mkl,0
matrici_non_def_pos\raefsky3.mtx,21200x21200,non_def_pos,1527086135.1431391,1527086135.4551396,5.697274222752541e-12,windows,mkl,0
matrici_non_def_pos\torso1.mtx,116158x116158,non_def_pos,1527086168.9639986,1527086181.3660204,0.9389062810836889,windows,mkl,0
matrici_non_def_pos\torso3.mtx,259156x259156,non_def_pos,1527086198.3544502,1527086216.8248827,5.414411921251078e-16,windows,mkl,0
matrici_non_def_pos\water_tank.mtx,60740x60740,non_def_pos,1527086224.8120966,1527086227.2769008,3.8300835314230984e-10,windows,mkl,0
matrici_non_def_pos\PR02R.mtx,161070x161070,non_def_pos,1527086255.9497514,1527086281.5805962,45916544361.91562,windows,mkl,0
matrici_non_def_pos\ex19.mtx,12005x12005,non_def_pos,1527086282.9533987,1527086283.218599,1.3593399615776635e-08,windows,mkl,0
matrici_non_def_pos\graham1.mtx,9035x9035,non_def_pos,1527086284.4510014,1527086284.6226017,0.008758088814251793,windows,mkl,0
matrici_non_def_pos\raefsky3.mtx,21200x21200,non_def_pos,1527086289.36501,1527086289.6926105,5.697274222752541e-12,windows,mkl,0
matrici_non_def_pos\torso1.mtx,116158x116158,non_def_pos,1527086319.7538633,1527086330.970283,0.9389062810836889,windows,mkl,0
matrici_non_def_pos\torso3.mtx,259156x259156,non_def_pos,1527086349.128715,1527086367.2403467,5.414134769021098e-16,windows,mkl,0
matrici_non_def_pos\water_tank.mtx,60740x60740,non_def_pos,1527086375.7111616,1527086378.207166,3.8300835314230984e-10,windows,mkl,0
matrici_non_def_pos\PR02R.mtx,161070x161070,non_def_pos,1527086406.9736164,1527086433.3220627,77588502364.53365,windows,mkl,0
matrici_non_def_pos\ex19.mtx,12005x12005,non_def_pos,1527086434.507665,1527086434.8196654,1.359438990180166e-08,windows,mkl,0
matrici_non_def_pos\graham1.mtx,9035x9035,non_def_pos,1527086436.5512686,1527086436.7696688,0.007263438678528701,windows,mkl,0
matrici_non_def_pos\raefsky3.mtx,21200x21200,non_def_pos,1527086442.3856785,1527086442.6976793,5.6972570581092355e-12,windows,mkl,0
matrici_non_def_pos\torso1.mtx,116158x116158,non_def_pos,1527086473.0241325,1527086485.4105544,0.9389062810836889,windows,mkl,0
matrici_non_def_pos\torso3.mtx,259156x259156,non_def_pos,1527086503.0229852,1527086521.665018,5.414411921251078e-16,windows,mkl,0
matrici_non_def_pos\water_tank.mtx,60740x60740,non_def_pos,1527086531.898636,1527086535.0186415,4.2194199236112783e-10,windows,mkl,0
matrici_non_def_pos\PR02R.mtx,161070x161070,non_def_pos,1527086564.2530928,1527086590.1647384,94081088071.23405,windows,mkl,0
matrici_non_def_pos\ex19.mtx,12005x12005,non_def_pos,1527086591.3503404,1527086591.6623409,1.359438990180166e-08,windows,mkl,0
matrici_non_def_pos\graham1.mtx,9035x9035,non_def_pos,1527086593.3783438,1527086593.5811443,0.008758088814251793,windows,mkl,0
matrici_non_def_pos\raefsky3.mtx,21200x21200,non_def_pos,1527086599.4155545,1527086599.727555,5.697274222752541e-12,windows,mkl,0
matrici_non_def_pos\torso1.mtx,116158x116158,non_def_pos,1527086629.9604082,1527086641.223628,0.9389062810836889,windows,mkl,0
matrici_non_def_pos\torso3.mtx,259156x259156,non_def_pos,1527086661.5348637,1527086678.757294,5.414411921251078e-16,windows,mkl,0
matrici_non_def_pos\water_tank.mtx,60740x60740,non_def_pos,1527086687.0877085,1527086689.5993128,3.4913401145058703e-10,windows,mkl,0
matrici_non_def_pos\PR02R.mtx,161070x161070,non_def_pos,1527086718.3969636,1527086744.4334092,65818569995.39721,windows,mkl,0
matrici_non_def_pos\ex19.mtx,12005x12005,non_def_pos,1527086745.2758107,1527086745.541011,1.359438990180166e-08,windows,mkl,0
matrici_non_def_pos\graham1.mtx,9035x9035,non_def_pos,1527086746.7890134,1527086746.9606137,0.008419081308038711,windows,mkl,0
matrici_non_def_pos\raefsky3.mtx,21200x21200,non_def_pos,1527086751.671822,1527086751.9838226,5.6972570581092355e-12,windows,mkl,0
matrici_non_def_pos\torso1.mtx,116158x116158,non_def_pos,1527086792.9026945,1527086804.696315,0.9389062810836889,windows,mkl,0
matrici_non_def_pos\torso3.mtx,259156x259156,non_def_pos,1527086824.7423503,1527086842.6667817,5.414228325955963e-16,windows,mkl,0
matrici_non_def_pos\water_tank.mtx,60740x60740,non_def_pos,1527086850.6851957,1527086853.1656003,4.011301434492019e-10,windows,mkl,0
matrici_non_def_pos\PR02R.mtx,161070x161070,non_def_pos,1527086881.7292502,1527086906.7984946,62822362856.77029,windows,mkl,0
matrici_non_def_pos\ex19.mtx,12005x12005,non_def_pos,1527086907.9840965,1527086908.296097,1.359438990180166e-08,windows,mkl,0
matrici_non_def_pos\graham1.mtx,9035x9035,non_def_pos,1527086910.0277002,1527086910.2305007,0.008758088814251793,windows,mkl,0
matrici_non_def_pos\raefsky3.mtx,21200x21200,non_def_pos,1527086915.62811,1527086915.9401107,5.697258268467285e-12,windows,mkl,0
matrici_non_def_pos\torso1.mtx,116158x116158,non_def_pos,1527086946.1573637,1527086957.4673834,0.9389062810836889,windows,mkl,0
matrici_non_def_pos\torso3.mtx,259156x259156,non_def_pos,1527086975.3450148,1527086993.2850463,5.414228325955963e-16,windows,mkl,0
matrici_non_def_pos\water_tank.mtx,60740x60740,non_def_pos,1527087001.7558613,1527087004.3298657,4.2194199236112783e-10,windows,mkl,0
matrici_non_def_pos\PR02R.mtx,161070x161070,non_def_pos,1527087035.2647202,1527087060.8019648,85697228813.08571,windows,mkl,0
matrici_non_def_pos\ex19.mtx,12005x12005,non_def_pos,1527087062.2683675,1527087062.517968,1.359438990180166e-08,windows,mkl,0
matrici_non_def_pos\graham1.mtx,9035x9035,non_def_pos,1527087063.7659702,1527087063.9219704,0.008758088814251793,windows,mkl,0
matrici_non_def_pos\raefsky3.mtx,21200x21200,non_def_pos,1527087068.7111788,1527087069.0075793,5.697274222752541e-12,windows,mkl,0
matrici_non_def_pos\torso1.mtx,116158x116158,non_def_pos,1527087099.2872324,1527087110.2228515,0.9386983167467189,windows,mkl,0
matrici_non_def_pos\torso3.mtx,259156x259156,non_def_pos,1527087128.2876835,1527087146.5709157,5.414411921251078e-16,windows,mkl,0
matrici_non_def_pos\water_tank.mtx,60740x60740,non_def_pos,1527087155.1041305,1527087157.584535,4.2194199236112783e-10,windows,mkl,0
matrici_non_def_pos\PR02R.mtx,161070x161070,non_def_pos,1527087186.1949852,1527087212.0286305,94081088071.23405,windows,mkl,0
matrici_non_def_pos\ex19.mtx,12005x12005,non_def_pos,1527087213.1518326,1527087213.4794333,1.3593399615776635e-08,windows,mkl,0
matrici_non_def_pos\graham1.mtx,9035x9035,non_def_pos,1527087215.1330361,1527087215.3358364,0.008758088814251793,windows,mkl,0
matrici_non_def_pos\raefsky3.mtx,21200x21200,non_def_pos,1527087221.2794468,1527087221.5914474,5.6972570581092355e-12,windows,mkl,0
matrici_non_def_pos\torso1.mtx,116158x116158,non_def_pos,1527087251.7931004,1527087262.90032,0.9389062810836889,windows,mkl,0
matrici_non_def_pos\torso3.mtx,259156x259156,non_def_pos,1527087278.905948,1527087297.2983804,5.414411921251078e-16,windows,mkl,0
matrici_non_def_pos\water_tank.mtx,60740x60740,non_def_pos,1527087306.5491965,1527087309.6536021,4.2194199236112783e-10,windows,mkl,0
matrici_non_def_pos\PR02R.mtx,161070x161070,non_def_pos,1527087339.9020553,1527087366.1101012,94081088071.23405,windows,mkl,0
matrici_non_def_pos\ex19.mtx,12005x12005,non_def_pos,1527087367.233303,1527087367.5453038,1.3593399615776635e-08,windows,mkl,0
matrici_non_def_pos\graham1.mtx,9035x9035,non_def_pos,1527087369.1521065,1527087369.3393068,0.006666042228382848,windows,mkl,0
matrici_non_def_pos\raefsky3.mtx,21200x21200,non_def_pos,1527087374.1129153,1527087374.4249158,5.697274222752541e-12,windows,mkl,0
matrici_non_def_pos\torso1.mtx,116158x116158,non_def_pos,1527087404.704569,1527087415.9053886,0.9389062810836889,windows,mkl,0
matrici_non_def_pos\torso3.mtx,259156x259156,non_def_pos,1527087431.7238164,1527087449.6950479,5.414411921251078e-16,windows,mkl,0
matrici_non_def_pos\water_tank.mtx,60740x60740,non_def_pos,1527087458.1346629,1527087460.6462672,3.881201439692204e-10,windows,mkl,0
matrici_non_def_pos\PR02R.mtx,161070x161070,non_def_pos,1527087495.0443277,1527087522.7967765,116572725395.30655,windows,mkl,0
matrici_non_def_pos\ex19.mtx,12005x12005,non_def_pos,1527087523.701578,1527087523.9511786,1.359438990180166e-08,windows,mkl,0
matrici_non_def_pos\graham1.mtx,9035x9035,non_def_pos,1527087525.1835806,1527087525.3551807,0.008758088814251793,windows,mkl,0
matrici_non_def_pos\raefsky3.mtx,21200x21200,non_def_pos,1527087531.5951917,1527087531.9695926,5.697274222752541e-12,windows,mkl,0
matrici_non_def_pos\torso1.mtx,116158x116158,non_def_pos,1527087562.7952466,1527087573.762066,0.9389062810836889,windows,mkl,0
matrici_non_def_pos\torso3.mtx,259156x259156,non_def_pos,1527087589.7364938,1527087607.8325257,5.414259072013536e-16,windows,mkl,0
matrici_non_def_pos\water_tank.mtx,60740x60740,non_def_pos,1527087616.0693402,1527087618.6433446,4.2194199236112783e-10,windows,mkl,0
matrici_non_def_pos\PR02R.mtx,161070x161070,non_def_pos,1527087654.0866072,1527087680.279053,94081088071.23405,windows,mkl,0
matrici_non_def_pos\ex19.mtx,12005x12005,non_def_pos,1527087681.1058545,1527087681.371055,1.359438990180166e-08,windows,mkl,0
matrici_non_def_pos\graham1.mtx,9035x9035,non_def_pos,1527087682.587857,1527087682.7594573,0.007263438678528701,windows,mkl,0
matrici_non_def_pos\raefsky3.mtx,21200x21200,non_def_pos,1527087687.4862657,1527087687.7982662,5.697275723671214e-12,windows,mkl,0
matrici_non_def_pos\torso1.mtx,116158x116158,non_def_pos,1527087718.1247196,1527087729.1383388,0.9389062810836889,windows,mkl,0
matrici_non_def_pos\torso3.mtx,259156x259156,non_def_pos,1527087747.0315702,1527087765.1276019,5.414411921251078e-16,windows,mkl,0
matrici_non_def_pos\water_tank.mtx,60740x60740,non_def_pos,1527087773.4892168,1527087776.016421,3.881201439692204e-10,windows,mkl,0
matrici_non_def_pos\PR02R.mtx,161070x161070,non_def_pos,1527087804.5800714,1527087830.663317,94081088071.23405,windows,mkl,0
matrici_non_def_pos\ex19.mtx,12005x12005,non_def_pos,1527087831.5525186,1527087831.817719,1.3593399615776635e-08,windows,mkl,0
matrici_non_def_pos\graham1.mtx,9035x9035,non_def_pos,1527087833.0345213,1527087833.2061214,0.008758088814251793,windows,mkl,0
matrici_non_def_pos\raefsky3.mtx,21200x21200,non_def_pos,1527087837.99533,1527087838.3229306,5.69724245583883e-12,windows,mkl,0
matrici_non_def_pos\torso1.mtx,116158x116158,non_def_pos,1527087868.4621835,1527087880.3494043,0.9389062810836889,windows,mkl,0
matrici_non_def_pos\torso3.mtx,259156x259156,non_def_pos,1527087896.3238323,1527087914.4978645,5.413951603580439e-16,windows,mkl,0
matrici_non_def_pos\water_tank.mtx,60740x60740,non_def_pos,1527087922.828279,1527087925.3554833,4.2194199236112783e-10,windows,mkl,0
matrici_non_def_pos\PR02R.mtx,161070x161070,non_def_pos,1527087960.1279445,1527087986.9443917,45916544361.91562,windows,mkl,0
matrici_non_def_pos\ex19.mtx,12005x12005,non_def_pos,1527087987.8335931,1527087988.0831935,1.359438990180166e-08,windows,mkl,0
matrici_non_def_pos\graham1.mtx,9035x9035,non_def_pos,1527087989.362396,1527087989.5183961,0.008758088814251793,windows,mkl,0
matrici_non_def_pos\raefsky3.mtx,21200x21200,non_def_pos,1527087994.2452044,1527087994.5416052,5.6972570581092355e-12,windows,mkl,0
matrici_non_def_pos\torso1.mtx,116158x116158,non_def_pos,1527088024.821258,1527088036.6304789,0.9394674043437752,windows,mkl,0
matrici_non_def_pos\torso3.mtx,259156x259156,non_def_pos,1527088053.9933095,1527088072.1985414,5.414411921251078e-16,windows,mkl,0
matrici_non_def_pos\water_tank.mtx,60740x60740,non_def_pos,1527088080.513356,1527088083.1185606,3.74165170923192e-10,windows,mkl,0
matrici_non_def_pos\PR02R.mtx,161070x161070,non_def_pos,1527088111.7446108,1527088137.983857,101096921524.50932,windows,mkl,0
matrici_non_def_pos\ex19.mtx,12005x12005,non_def_pos,1527088139.153859,1527088139.4814594,1.359438990180166e-08,windows,mkl,0
matrici_non_def_pos\graham1.mtx,9035x9035,non_def_pos,1527088141.2130628,1527088141.4158628,0.008758088814251793,windows,mkl,0
matrici_non_def_pos\raefsky3.mtx,21200x21200,non_def_pos,1527088147.9990745,1527088148.3890753,5.697274222752541e-12,windows,mkl,0
matrici_non_def_pos\torso1.mtx,116158x116158,non_def_pos,1527088179.68273,1527088191.02395,0.9389062810836889,windows,mkl,0
matrici_non_def_pos\torso3.mtx,259156x259156,non_def_pos,1527088211.990387,1527088228.9008167,5.414259072013536e-16,windows,mkl,0
matrici_non_def_pos\water_tank.mtx,60740x60740,non_def_pos,1527088239.0720344,1527088242.1764398,3.74165170923192e-10,windows,mkl,0
matrici_non_def_pos\PR02R.mtx,161070x161070,non_def_pos,1527088271.738492,1527088297.8217375,69187414636.56543,windows,mkl,0
matrici_non_def_pos\ex19.mtx,12005x12005,non_def_pos,1527088298.664139,1527088298.9137394,1.359438990180166e-08,windows,mkl,0
matrici_non_def_pos\graham1.mtx,9035x9035,non_def_pos,1527088300.1773417,1527088300.3333418,0.008758088814251793,windows,mkl,0
matrici_non_def_pos\raefsky3.mtx,21200x21200,non_def_pos,1527088305.0757504,1527088305.372151,5.697274222752541e-12,windows,mkl,0
matrici_non_def_pos\torso1.mtx,116158x116158,non_def_pos,1527088340.1914122,1527088351.3922317,0.9386983167467189,windows,mkl,0
matrici_non_def_pos\torso3.mtx,259156x259156,non_def_pos,1527088373.4506705,1527088390.9227014,5.414134769021098e-16,windows,mkl,0
matrici_non_def_pos\water_tank.mtx,60740x60740,non_def_pos,1527088401.156319,1527088404.3855247,3.8300835314230984e-10,windows,mkl,0
matrici_non_def_pos\PR02R.mtx,161070x161070,non_def_pos,1527088433.7291763,1527088459.9528222,72298168140.24046,windows,mkl,0
matrici_non_def_pos\ex19.mtx,12005x12005,non_def_pos,1527088460.779624,1527088461.0448244,1.359438990180166e-08,windows,mkl,0
matrici_non_def_pos\graham1.mtx,9035x9035,non_def_pos,1527088462.2928267,1527088462.4488268,0.008758088814251793,windows,mkl,0
matrici_non_def_pos\raefsky3.mtx,21200x21200,non_def_pos,1527088467.2848353,1527088467.5968359,5.6972570581092355e-12,windows,mkl,0
matrici_non_def_pos\torso1.mtx,116158x116158,non_def_pos,1527088498.0012891,1527088512.0725138,0.9388757188555402,windows,mkl,0
matrici_non_def_pos\torso3.mtx,259156x259156,non_def_pos,1527088529.0921438,1527088547.5001762,5.414411921251078e-16,windows,mkl,0
matrici_non_def_pos\water_tank.mtx,60740x60740,non_def_pos,1527088556.0801911,1527088558.778996,4.2194199236112783e-10,windows,mkl,0
matrici_non_def_pos\PR02R.mtx,161070x161070,non_def_pos,1527088587.5298464,1527088613.6442924,65818569995.39721,windows,mkl,0
matrici_non_def_pos\ex19.mtx,12005x12005,non_def_pos,1527088614.533494,1527088614.7986944,1.359438990180166e-08,windows,mkl,0
matrici_non_def_pos\graham1.mtx,9035x9035,non_def_pos,1527088616.0310965,1527088616.2026968,0.008419081308038711,windows,mkl,0
matrici_non_def_pos\raefsky3.mtx,21200x21200,non_def_pos,1527088620.9763052,1527088621.3039057,5.697248867278668e-12,windows,mkl,0
matrici_non_def_pos\torso1.mtx,116158x116158,non_def_pos,1527088658.4787712,1527088669.773191,0.9389062810836889,windows,mkl,0
matrici_non_def_pos\torso3.mtx,259156x259156,non_def_pos,1527088687.479222,1527088704.483252,5.414411921251078e-16,windows,mkl,0
matrici_non_def_pos\water_tank.mtx,60740x60740,non_def_pos,1527088713.2192671,1527088715.7776716,4.011301434492019e-10,windows,mkl,0
matrici_non_def_pos\PR02R.mtx,161070x161070,non_def_pos,1527088744.5285223,1527088770.8925686,94081088071.23405,windows,mkl,0
matrici_non_def_pos\ex19.mtx,12005x12005,non_def_pos,1527088772.0937705,1527088772.4057713,1.3593399615776635e-08,windows,mkl,0
matrici_non_def_pos\graham1.mtx,9035x9035,non_def_pos,1527088774.1061742,1527088774.3245747,0.008758088814251793,windows,mkl,0
matrici_non_def_pos\raefsky3.mtx,21200x21200,non_def_pos,1527088780.190185,1527088780.5177853,5.697274222752541e-12,windows,mkl,0
matrici_non_def_pos\torso1.mtx,116158x116158,non_def_pos,1527088810.6726384,1527088821.6394577,0.9389062810836889,windows,mkl,0
matrici_non_def_pos\torso3.mtx,259156x259156,non_def_pos,1527088837.6294858,1527088855.5539172,5.414411921251078e-16,windows,mkl,0
matrici_non_def_pos\water_tank.mtx,60740x60740,non_def_pos,1527088864.945134,1527088867.877939,3.4913401145058703e-10,windows,mkl,0
matrici_non_def_pos\PR02R.mtx,161070x161070,non_def_pos,1527088898.4383926,1527088924.880439,94081088071.23405,windows,mkl,0
matrici_non_def_pos\ex19.mtx,12005x12005,non_def_pos,1527088926.066041,1527088926.3780415,1.3593399615776635e-08,windows,mkl,0
matrici_non_def_pos\graham1.mtx,9035x9035,non_def_pos,1527088928.109645,1527088928.343645,0.00784719172683155,windows,mkl,0
matrici_non_def_pos\raefsky3.mtx,21200x21200,non_def_pos,1527088934.037655,1527088934.3496556,5.6972570581092355e-12,windows,mkl,0
matrici_non_def_pos\torso1.mtx,116158x116158,non_def_pos,1527088964.8165092,1527088975.8145285,0.9389062810836889,windows,mkl,0
matrici_non_def_pos\torso3.mtx,259156x259156,non_def_pos,1527088992.8497584,1527089010.1657887,5.414228325955963e-16,windows,mkl,0
matrici_non_def_pos\water_tank.mtx,60740x60740,non_def_pos,1527089018.184203,1527089020.9922078,4.2194199236112783e-10,windows,mkl,0
matrici_non_def_pos\PR02R.mtx,161070x161070,non_def_pos,1527089051.4590611,1527089078.0727081,94081088071.23405,windows,mkl,0
matrici_non_def_pos\ex19.mtx,12005x12005,non_def_pos,1527089079.25831,1527089079.5547109,1.359438990180166e-08,windows,mkl,0
matrici_non_def_pos\graham1.mtx,9035x9035,non_def_pos,1527089081.2083137,1527089081.4267142,0.008283467102607061,windows,mkl,0
matrici_non_def_pos\raefsky3.mtx,21200x21200,non_def_pos,1527089086.2939227,1527089086.6059232,5.6972570581092355e-12,windows,mkl,0
matrici_non_def_pos\torso1.mtx,116158x116158,non_def_pos,1527089116.8855762,1527089128.9911973,0.9389062810836889,windows,mkl,0
matrici_non_def_pos\torso3.mtx,259156x259156,non_def_pos,1527089144.9968257,1527089163.950859,5.414411921251078e-16,windows,mkl,0
matrici_non_def_pos\water_tank.mtx,60740x60740,non_def_pos,1527089172.3280737,1527089174.8864782,4.2194199236112783e-10,windows,mkl,0
matrici_non_def_pos\PR02R.mtx,161070x161070,non_def_pos,1527089204.5265303,1527089230.7501762,86055149537.64018,windows,mkl,0
matrici_non_def_pos\ex19.mtx,12005x12005,non_def_pos,1527089231.857778,1527089232.1853788,1.359438990180166e-08,windows,mkl,0
matrici_non_def_pos\graham1.mtx,9035x9035,non_def_pos,1527089233.8389816,1527089234.0573819,0.008758088814251793,windows,mkl,0
matrici_non_def_pos\raefsky3.mtx,21200x21200,non_def_pos,1527089240.0009925,1527089240.312993,5.697274222752541e-12,windows,mkl,0
matrici_non_def_pos\torso1.mtx,116158x116158,non_def_pos,1527089270.7486465,1527089281.840266,0.9389062810836889,windows,mkl,0
matrici_non_def_pos\torso3.mtx,259156x259156,non_def_pos,1527089301.8395011,1527089320.1695333,5.414411921251078e-16,windows,mkl,0
matrici_non_def_pos\water_tank.mtx,60740x60740,non_def_pos,1527089328.453148,1527089331.0739524,3.4913401145058703e-10,windows,mkl,0
matrici_non_def_pos\PR02R.mtx,161070x161070,non_def_pos,1527089361.9776068,1527089388.0452526,90093857668.98859,windows,mkl,0
matrici_non_def_pos\ex19.mtx,12005x12005,non_def_pos,1527089388.8876538,1527089389.1372545,1.359438990180166e-08,windows,mkl,0
matrici_non_def_pos\graham1.mtx,9035x9035,non_def_pos,1527089390.4008565,1527089390.5568569,0.008758088814251793,windows,mkl,0
matrici_non_def_pos\raefsky3.mtx,21200x21200,non_def_pos,1527089395.2992654,1527089395.595666,5.6972570581092355e-12,windows,mkl,0
matrici_non_def_pos\torso1.mtx,116158x116158,non_def_pos,1527089425.7037187,1527089436.717338,0.9389062810836889,windows,mkl,0
matrici_non_def_pos\torso3.mtx,259156x259156,non_def_pos,1527089454.7509696,1527089473.0342019,5.414411921251078e-16,windows,mkl,0
matrici_non_def_pos\water_tank.mtx,60740x60740,non_def_pos,1527089481.3802164,1527089484.047821,4.2194199236112783e-10,windows,mkl,0
matrici_non_def_pos\PR02R.mtx,161070x161070,non_def_pos,1527089516.0590773,1527089542.2359233,94081088071.23405,windows,mkl,0
matrici_non_def_pos\ex19.mtx,12005x12005,non_def_pos,1527089543.3747253,1527089543.6867259,1.359438990180166e-08,windows,mkl,0
matrici_non_def_pos\graham1.mtx,9035x9035,non_def_pos,1527089545.3403287,1527089545.5431292,0.008758088814251793,windows,mkl,0
matrici_non_def_pos\raefsky3.mtx,21200x21200,non_def_pos,1527089550.3323376,1527089550.6287382,5.697274222752541e-12,windows,mkl,0
matrici_non_def_pos\torso1.mtx,116158x116158,non_def_pos,1527089587.6476033,1527089599.051223,0.9386394949127138,windows,mkl,0
matrici_non_def_pos\torso3.mtx,259156x259156,non_def_pos,1527089616.585654,1527089634.900086,5.414411921251078e-16,windows,mkl,0
matrici_non_def_pos\water_tank.mtx,60740x60740,non_def_pos,1527089644.3225026,1527089646.896507,4.2194199236112783e-10,windows,mkl,0
matrici_non_def_pos\PR02R.mtx,161070x161070,non_def_pos,1527089676.5677593,1527089702.4326048,55761866318.707726,windows,mkl,0
matrici_non_def_pos\ex19.mtx,12005x12005,non_def_pos,1527089703.6182067,1527089703.8678071,1.359438990180166e-08,windows,mkl,0
matrici_non_def_pos\graham1.mtx,9035x9035,non_def_pos,1527089705.1158092,1527089705.2874098,0.008758088814251793,windows,mkl,0
matrici_non_def_pos\raefsky3.mtx,21200x21200,non_def_pos,1527089710.076618,1527089710.3730187,5.697274222752541e-12,windows,mkl,0
matrici_non_def_pos\torso1.mtx,116158x116158,non_def_pos,1527089740.683872,1527089751.6662912,0.9389062810836889,windows,mkl,0
matrici_non_def_pos\torso3.mtx,259156x259156,non_def_pos,1527089769.7935228,1527089788.2015553,5.414411921251078e-16,windows,mkl,0
matrici_non_def_pos\water_tank.mtx,60740x60740,non_def_pos,1527089796.5943701,1527089799.1995747,4.2194199236112783e-10,windows,mkl,0
matrici_non_def_pos\PR02R.mtx,161070x161070,non_def_pos,1527089828.0284252,1527089854.033671,85697228813.08571,windows,mkl,0
matrici_non_def_pos\ex19.mtx,12005x12005,non_def_pos,1527089854.9072723,1527089855.1724732,1.359438990180166e-08,windows,mkl,0
matrici_non_def_pos\graham1.mtx,9035x9035,non_def_pos,1527089856.4360752,1527089856.6076753,0.008758088814251793,windows,mkl,0
matrici_non_def_pos\raefsky3.mtx,21200x21200,non_def_pos,1527089861.365684,1527089861.7400844,5.6972570581092355e-12,windows,mkl,0
matrici_non_def_pos\torso1.mtx,116158x116158,non_def_pos,1527089892.160138,1527089903.7041583,0.9389062810836889,windows,mkl,0
matrici_non_def_pos\torso3.mtx,259156x259156,non_def_pos,1527089924.5145948,1527089943.8430288,5.414411921251078e-16,windows,mkl,0
matrici_non_def_pos\water_tank.mtx,60740x60740,non_def_pos,1527089951.6430423,1527089954.841048,3.881201439692204e-10,windows,mkl,0
matrici_non_def_pos\PR02R.mtx,161070x161070,non_def_pos,1527089984.9179008,1527090010.9231465,56474284643.64009,windows,mkl,0
matrici_non_def_pos\ex19.mtx,12005x12005,non_def_pos,1527090012.0463486,1527090012.358349,1.359438990180166e-08,windows,mkl,0
matrici_non_def_pos\graham1.mtx,9035x9035,non_def_pos,1527090014.0431519,1527090014.2615523,0.008758088814251793,windows,mkl,0
matrici_non_def_pos\raefsky3.mtx,21200x21200,non_def_pos,1527090020.1427627,1527090020.4391634,5.697258268467285e-12,windows,mkl,0
matrici_non_def_pos\torso1.mtx,116158x116158,non_def_pos,1527090050.8436167,1527090062.0132363,0.9389062810836889,windows,mkl,0
matrici_non_def_pos\torso3.mtx,259156x259156,non_def_pos,1527090079.1576662,1527090096.099296,5.414411921251078e-16,windows,mkl,0
matrici_non_def_pos\water_tank.mtx,60740x60740,non_def_pos,1527090104.2269104,1527090106.8633149,4.2194199236112783e-10,windows,mkl,0
matrici_non_def_pos\PR02R.mtx,161070x161070,non_def_pos,1527090137.7825694,1527090163.8814151,95511912641.53,windows,mkl,0
matrici_non_def_pos\ex19.mtx,12005x12005,non_def_pos,1527090165.0670173,1527090165.3946178,1.359438990180166e-08,windows,mkl,0
matrici_non_def_pos\graham1.mtx,9035x9035,non_def_pos,1527090167.1262207,1527090167.3290212,0.008758088814251793,windows,mkl,0
matrici_non_def_pos\raefsky3.mtx,21200x21200,non_def_pos,1527090173.8654325,1527090174.2866335,5.6972570581092355e-12,windows,mkl,0
matrici_non_def_pos\torso1.mtx,116158x116158,non_def_pos,1527090205.0966876,1527090216.7811081,0.9389062810836889,windows,mkl,0
matrici_non_def_pos\torso3.mtx,259156x259156,non_def_pos,1527090234.4871392,1527090252.8327713,5.414411921251078e-16,windows,mkl,0
matrici_non_def_pos\water_tank.mtx,60740x60740,non_def_pos,1527090262.3175883,1527090265.109993,4.2194199236112783e-10,windows,mkl,0
